h_rel,delta_fd,delta_abs_error,gamma_fd,gamma_abs_error
1e-14,0.63571428571428568,0.001116365461333424,14360968199.523266,14360968199.504503
1.333521432163324e-14,0.63563829787234039,0.0011923533032787148,-3981934369.4920778,3981934369.5108399
1.7782794100389227e-14,0.63600000000000001,0.00083065117561909041,0,0.018762017345846895
2.3713737056616553e-14,0.63622754491017963,0.0006031062654394681,-1261586004.8345942,1261586004.8533564
3.1622776601683796e-14,0.63820224719101126,0.0013715960153921625,0,0.018762017345846895
4.2169650342858228e-14,0.63552188552188549,0.0013087656537336123,398875081.78113347,398875081.76237148
5.6234132519034906e-14,0.63716814159292035,0.00033749041730124496,-449869784.61972797,449869784.63848996
7.4989420933245582e-14,0.63744075829383884,0.00061010711821973818,126445936.39435592,126445936.3755939
1e-13,0.63681592039800994,1.4730777609162082e-05,-142184284.54269215,142184284.56145418
1.333521432163324e-13,0.63692061800745869,8.9966831839594086e-05,-39946731.543275312,39946731.562037326
1.7782794100389227e-13,0.63678115015974446,4.9501015874642285e-05,-22446113.112841818,22446113.131603837
2.3713737056616554e-13,0.63690832834032352,7.7677164704414992e-05,0,0.018762017345846895
3.1622776601683792e-13,0.63696629213483147,0.00013564095921236863,-7107056.6017082687,7107056.6204702863
4.2169650342858226e-13,0.63683855746545337,7.9062898342696641e-06,0,0.018762017345846895
5.6234132519034904e-13,0.63670246367656347,0.00012818749905563198,2246507.939582767,2246507.9208207498
7.4989420933245579e-13,0.63672541216600342,0.00010523900961567634,0,0.018762017345846895
9.9999999999999998e-13,0.63687388987566607,4.3238700046965839e-05,1420832.83455811,1420832.8157960926
1.3335214321633241e-12,0.63685528559249782,2.4634416878721588e-05,399552.45793060545,399552.43916858808
1.7782794100389228e-12,0.63681224277780002,1.8408397819080768e-05,224694.37942544167,224694.36066342433
2.3713737056616554e-12,0.63683895131086143,8.3001352423339725e-06,126347.67291925811,126347.65415724076
3.1622776601683794e-12,0.63679361869452866,3.7032481090437663e-05,71054.597794694826,71054.579032677473
4.2169650342858224e-12,0.6368178065342297,1.2844641389397893e-05,39956.090191701216,39956.071429683871
5.6234132519034904e-12,0.63682827287315369,2.3783024654111529e-06,22469.053531511196,22469.03476949385
7.4989420933245587e-12,0.63682749341469425,3.1577609248545357e-06,-12635.489656891084,12635.50841890843
9.9999999999999994e-12,0.63682871719080847,1.9339848106314506e-06,0,0.018762017345846895
1.3335214321633241e-11,0.63683688910675851,6.2379311394078485e-06,0,0.018762017345846895
1.7782794100389227e-11,0.63682568096183734,4.9702137817630998e-06,0,0.018762017345846895
2.3713737056616552e-11,0.6368310660993588,4.1492373969997942e-07,0,0.018762017345846895
3.1622776601683794e-11,0.63683150919782228,8.5802220317621192e-07,-2131.6283545542506,2131.6471165715966
4.2169650342858228e-11,0.63683182697427398,1.1757986548843746e-06,-399.5689809133454,399.58774293069126
5.6234132519034906e-11,0.6368293102054019,1.3409702172006988e-06,0,0.018762017345846895
7.4989420933245581e-11,0.63683007669260983,5.7448300927465112e-07,252.70883534413676,252.69007332679092
1e-10,0.63683088243653441,2.3126091530656367e-07,-71.054160843834381,71.072922861180231
1.333521432163324e-10,0.63683066340218408,1.2226564982675825e-08,39.956736066635052,39.937974049289203
1.7782794100389229e-10,0.63683069445632046,4.3280701356174234e-08,-44.938660411970758,44.957422429316608
2.3713737056616552e-10,0.63683042429283532,2.268827837825782e-07,-12.63543360113804,12.654195618483886
3.1622776601683795e-10,0.63683072277109809,7.1595478989827654e-08,-7.105427848514168,7.1241898658600151
4.2169650342858224e-10,0.63683066968836621,1.8512747113064165e-08,-3.995676343969405,4.0144383613152517
5.623413251903491e-10,0.63683065356793123,2.3923121261759661e-09,0,0.018762017345846895
7.4989420933245586e-10,0.63683055893584728,9.2239771820601391e-08,0,0.018762017345846895
1.0000000000000001e-09,0.63683066963891422,1.8463295115012102e-08,0,0.018762017345846895
1.3335214321633239e-09,0.63683063928209216,1.1893526941086918e-08,0,0.018762017345846895
1.7782794100389228e-09,0.6368306709014967,1.9725877598020247e-08,0.22469335592794915,0.20593133858210225
2.3713737056616553e-09,0.63683064223599861,8.9396204883129826e-09,0,0.018762017345846895
3.1622776601683795e-09,0.63683064105393217,1.0121686933040053e-08,-0.14210855058411404,0.16087056792996093
4.2169650342858227e-09,0.63683064743028239,3.7453367074391508e-09,-0.039956755360617269,0.058718772706464167
5.623413251903491e-09,0.63683064951215973,1.6634593702491429e-09,0.022469334031779566,0.0037073166859326705
7.4989420933245577e-09,0.63683065154362839,3.680092897084819e-10,0.037906305188018311,0.019144287842171415
1e-08,0.63683065284758633,1.6719672313314504e-09,0.014210854585011532,0.0045511627608353627
1.333521432163324e-08,0.63683065551919837,4.3435792740353918e-09,0.01997837740101676,0.0012163600551698649
1.7782794100389228e-08,0.63683064654927202,4.6263470832030862e-09,0.017975467325049749,0.0007865500207971457
2.3713737056616551e-08,0.63683065313315745,1.9575383536363233e-09,0.017689609267760014,0.0010724080780868811
3.1622776601683792e-08,0.6368306504439033,7.3171579906272655e-10,0.018474111077813646,0.00028790626803324934
4.2169650342858225e-08,0.63683065232569591,1.1500768115624282e-09,0.018380106970367318,0.00038191037547957718
5.6234132519034905e-08,0.63683065192614952,7.5053041559414169e-10,0.018424854045742869,0.0003371633001040264
7.4989420933245587e-08,0.63683065111470571,6.0913385446781376e-11,0.01870044403450865,6.1573311338245645e-05
9.9999999999999995e-08,0.63683065175179765,5.7617854931635293e-10,0.018900436786079288,0.00013841944023239294
1.333521432163324e-07,0.63683065139962158,2.2400248322895777e-10,0.018699761068002762,6.2256277844133234e-05
1.7782794100389227e-07,0.63683065125364491,7.8025808036841227e-11,0.018761894050507249,1.2329533964627881e-07
2.3713737056616554e-07,0.63683065166181008,4.8619097636759534e-10,0.01877625666045217,1.4239314605275083e-05
3.1622776601683792e-07,0.63683065119010629,1.4487189226031205e-11,0.018765433649253704,3.4163034068092346e-06
4.2169650342858225e-07,0.63683065117725135,1.6322498908039051e-12,0.018771683193974289,9.6658481273936836e-06
5.6234132519034904e-07,0.63683065115073423,2.4884871940855646e-11,0.018764140987453104,2.1236416062088426e-06
7.4989420933245585e-07,0.63683065122690707,5.1287973867886194e-11,0.018763621228079893,1.6038822329977886e-06
9.9999999999999995e-07,0.63683065117027859,5.3405058153543905e-12,0.018761170396430195,8.4694941670029888e-07
1.3335214321633241e-06,0.63683065116434279,1.127631321651279e-11,0.018761694009360796,3.2333648609939036e-07
1.7782794100389229e-06,0.63683065119560056,1.998146093029618e-11,0.018761894056504563,1.2328934233252209e-07
2.3713737056616552e-06,0.63683065117561477,4.3298697960381105e-15,0.018761725912257003,2.9143358989264234e-07
3.1622776601683792e-06,0.63683065115131654,2.4302559964439752e-11,0.018761880937261582,1.3640858531269173e-07
4.2169650342858224e-06,0.63683065115818283,1.7436274646343008e-11,0.018762053622498432,3.6276651536881754e-08
5.6234132519034912e-06,0.63683065115764992,1.7969181698163084e-11,0.018761983933266772,3.3412580122821334e-08
7.4989420933245581e-06,0.63683065112223103,5.338807174126714e-11,0.018762016526391048,8.1945584692877382e-10
1.0000000000000001e-05,0.6368306510943631,8.125600192698812e-11,0.018762015940952691,1.404894204443119e-09
1.3335214321633241e-05,0.63683065102364667,1.519724346366047e-10,0.018762017660670628,3.1482373305524725e-10
1.7782794100389229e-05,0.63683065090482072,2.7079838371690812e-10,0.018762013143675954,4.2021709410755559e-09
2.3713737056616554e-05,0.63683065069033507,4.8528403517877905e-10,0.01876201779002239,4.441754949957577e-10
3.1622776601683795e-05,0.63683065031556363,8.6005547128564785e-10,0.018762016651261367,6.9458552798273843e-10
4.2169650342858222e-05,0.63683064964600011,1.5296189870284138e-09,0.018762016062706742,1.2831401531576692e-09
5.6234132519034907e-05,0.63683064845688542,2.7187336826273167e-09,0.01876201718807104,1.5777585488097046e-10
7.4989420933245586e-05,0.63683064633999276,4.8356263437909774e-09,0.018762017284623827,6.1223068281712756e-11
0.0001,0.63683064257598787,8.5996312293445953e-09,0.018762017077714421,2.6813247455681477e-10
0.0001333521432163324,0.63683063588371658,1.5291902522029943e-08,0.018762016861815455,4.8403143992903352e-10
0.00017782794100389227,0.63683062398232138,2.7193297724714682e-08,0.018762016603833472,7.4201342292745665e-10
0.00023713737056616554,0.63683060281863113,4.8356987969455645e-08,0.01876201600845976,1.3373871350641497e-09
0.00031622776601683794,0.63683056518303705,8.5992582055105515e-08,0.018762015059788972,2.2860579228234368e-09
0.00042169650342858224,0.6368304982568801,1.5291873900480368e-07,0.01876201325770465,4.0881422448679761e-09
0.0005623413251903491,0.63683037924362096,2.7193199814146141e-07,0.018762010085471827,7.2603750685129587e-09
0.00074989420933245586,0.63683016760488698,4.8357073212379476e-07,0.018762004431873393,1.291397350167145e-08
0.001,0.63682979125346217,8.5992215692609619e-07,0.018761994380869139,2.2964977756251281e-08
0.0013335214321633241,0.63682912199876218,1.529176856918113e-06,0.018761976508676094,4.0837170801194533e-08
0.0017782794100389228,0.63682793188784115,2.7192877779524949e-06,0.018761944727117699,7.2618729196616272e-08
0.0023713737056616554,0.63682581557234141,4.8356032776863955e-06,0.018761888209501011,1.2913634588399003e-07
0.0031622776601683794,0.63682205228079158,8.5988948275161903e-06,0.018761787703739204,2.296421076908306e-07
0.0042169650342858229,0.63681536044058762,1.5290735031481262e-05,0.018761608974943087,4.0837090380801966e-07
0.005623413251903491,0.63680346156554368,2.7189610075417647e-05,0.018761291137193513,7.2620865338227092e-07
0.0074989420933245579,0.63678230547682901,4.8345698790086544e-05,0.018760725908570031,1.2914372768645099e-06
0.01,0.6367446949029052,8.5956272713905157e-05,0.018759720697865134,2.2966479817608521e-06
0.013335214321633241,0.63667784713459896,0.00015280404102013811,0.018757932911502802,4.0844343440933628e-06
0.017782794100389229,0.63655908165800845,0.00027156951761064807,0.018754752968049862,7.2643777970331225e-06
0.023713737056616554,0.63634822632025612,0.00048242485536298396,0.018749095749263072,1.2921596583823081e-05
0.031622776601683791,0.63597434888414894,0.0008563022914701568,0.018739028139259529,2.2989206587366307e-05
0.042169650342858224,0.63531290174812871,0.0015177494274903891,0.018721101786805756,4.0915559041138777e-05
0.056234132519034911,0.63414738978091745,0.0026832613947016526,0.018689152018625484,7.2865327221411508e-05
0.074989420933245579,0.632108353870802,0.0047222973048171024,0.018632121139152441,0.00012989620669445409
0.10000000000000001,0.62858658308864535,0.0082440680869737548,0.018530086750368869,0.00023193059547802625
