payoff,greek,method,h,mean,sd,bias,rmse,exact
call,delta,fd_independent,0.0001,1.2096688152964261,4.0333410892993786,0.57283816412080713,4.0738168717928396,0.63683065117561899
call,delta,fd_crn,0.0001,0.63642608159674197,0.0022033955098444539,-0.00040456957887702316,0.0022402295232755577,0.63683065117561899
call,delta,fd_independent,0.00017782794100389227,0.95870687484208605,2.2681868315346843,0.32187622366646707,2.2909115666278206,0.63683065117561899
call,delta,fd_crn,0.00017782794100389227,0.63642279348310626,0.0022059560170647752,-0.0004078576925127253,0.0022433434526541161,0.63683065117561899
call,delta,fd_independent,0.00031622776601683794,0.81758105583546448,1.2755693033182705,0.18075040465984549,1.2883119794337687,0.63683065117561899
call,delta,fd_crn,0.00031622776601683794,0.63642119060251023,0.0022115077410345915,-0.00040946057310875528,0.0022490941397786068,0.63683065117561899
call,delta,fd_independent,0.0005623413251903491,0.7382240166290468,0.71738152560039048,0.10139336545342781,0.72451146839143687,0.63683065117561899
call,delta,fd_crn,0.0005623413251903491,0.63642412153830574,0.0022124414858446235,-0.00040652963731324654,0.0022494807565970431,0.63683065117561899
call,delta,fd_independent,0.001,0.69360321428391414,0.40349658784988723,0.056772563108295149,0.40747100550638832,0.63683065117561899
call,delta,fd_crn,0.001,0.63643072777814613,0.0022148650731239729,-0.00039992339747285666,0.0022506812337580581,0.63683065117561899
call,delta,fd_independent,0.0017782794100389228,0.66850651426599428,0.2269956186477973,0.031675863090375289,0.229195050530801,0.63683065117561899
call,delta,fd_crn,0.0017782794100389228,0.63642858916878309,0.0022227135246107961,-0.00040206200683590154,0.0022587849100409408,0.63683065117561899
call,delta,fd_independent,0.0031622776601683794,0.65437480687827898,0.12775591619548135,0.017544155702659991,0.12895492050428331,0.63683065117561899
call,delta,fd_crn,0.0031622776601683794,0.6364072723060934,0.0022331325313572235,-0.00042337886952559245,0.0022729123541761764,0.63683065117561899
call,delta,fd_independent,0.005623413251903491,0.64641459694188397,0.071957286903217565,0.0095839457662649785,0.072592721087741813,0.63683065117561899
call,delta,fd_crn,0.005623413251903491,0.63636679552607289,0.0022371188992559299,-0.00046385564954609659,0.002284701957154126,0.63683065117561899
call,delta,fd_independent,0.01,0.64188616552113309,0.040591882416463311,0.0050555143455141005,0.040905490382217427,0.63683065117561899
call,delta,fd_crn,0.01,0.63629085190716073,0.0022111004674881508,-0.00053979926845826309,0.0022760379011682549,0.63683065117561899
call,delta,fd_independent,0.017782794100389229,0.63919248574616394,0.022954875887779121,0.0023618345705449517,0.023076060962867222,0.63683065117561899
call,delta,fd_crn,0.017782794100389229,0.63608736838333124,0.0021681462606454737,-0.00074328279228774718,0.0022920138561671089,0.63683065117561899
call,delta,fd_independent,0.031622776601683791,0.63715863863484645,0.013105565368390902,0.00032798745922746342,0.013109668927878288,0.63683065117561899
call,delta,fd_crn,0.031622776601683791,0.63547185909374038,0.0021051174886892142,-0.0013587920818786126,0.0025055609278086212,0.63683065117561899
call,delta,fd_independent,0.056234132519034911,0.63452566609149785,0.0076372770525741131,-0.0023049850841211361,0.0079775282522718798,0.63683065117561899
call,delta,fd_crn,0.056234132519034911,0.63363589811518117,0.0020296090931627158,-0.003194753060437816,0.0037849385976823423,0.63683065117561899
call,delta,fd_independent,0.10000000000000001,0.62855304761252584,0.0045901578520445322,-0.0082776035630931499,0.0094651080212757466,0.63683065117561899
call,delta,fd_crn,0.10000000000000001,0.62811796349956117,0.001969563008542387,-0.0087126876760578176,0.0089325307156006076,0.63683065117561899
call,delta,fd_independent,0.17782794100389229,0.61281849344872508,0.002916749489819332,-0.024012157726893912,0.024188657389106829,0.63683065117561899
call,delta,fd_crn,0.17782794100389229,0.61264745509139307,0.0018759198758573181,-0.024183196084225922,0.024255845650662369,0.63683065117561899
call,delta,fd_independent,0.31622776601683794,0.57943084950333679,0.0020018030841598478,-0.057399801672282202,0.057434697244828255,0.63683065117561899
call,delta,fd_crn,0.31622776601683794,0.57938784345586958,0.0015349268881042224,-0.057442807719749411,0.057463311419373733,0.63683065117561899
call,delta,pathwise,nan,0.63643006856569007,0.0022015406351650131,-0.00040058260992892336,0.0022376880023051108,0.63683065117561899
call,delta,likelihood_ratio,nan,0.63605802351371776,0.0064697140930042082,-0.00077262766190122623,0.0065156852248364648,0.63683065117561899
call,gamma,fd_independent,0.0001,-46.885791541996497,1496.788633421083,-46.904553559342347,1497.5233721992972,0.018762017345846895
call,gamma,fd_crn,0.0001,0.019169784603131866,0.0048394716165566318,0.00040776725728497096,0.004856620189346802,0.018762017345846895
call,gamma,fd_independent,0.00017782794100389227,-14.815582563124202,473.32012943581407,-14.834344580470049,473.55253426443397,0.018762017345846895
call,gamma,fd_crn,0.00017782794100389227,0.018969746224438661,0.0036276282074103354,0.00020772887859176609,0.0036335709292925761,0.018762017345846895
call,gamma,fd_independent,0.00031622776601683794,-4.6731230745843213,149.6735758845179,-4.6918850919301684,149.74709714640352,0.018762017345846895
call,gamma,fd_crn,0.00031622776601683794,0.019010874400904848,0.0029714074689527973,0.00024885705505795289,0.0029818102187095319,0.018762017345846895
call,gamma,fd_independent,0.0005623413251903491,-1.4653740950355749,47.329088418404453,-1.4841361123814218,47.352352322954566,0.018762017345846895
call,gamma,fd_crn,0.0005623413251903491,0.018671884810699174,0.0023051788210903669,-9.0132535147720988e-05,0.0023069402400356471,0.018762017345846895
call,gamma,fd_independent,0.001,-0.45069395886084335,14.965704794102756,-0.46945597620669022,14.973066115456325,0.018762017345846895
call,gamma,fd_crn,0.001,0.018687262959306703,0.0016570618869204492,-7.4754386540192008e-05,0.0016587472126250462,0.018762017345846895
call,gamma,fd_independent,0.0017782794100389228,-0.12959516597642826,4.7319754612142013,-0.14835718332227515,4.7343005417248989,0.018762017345846895
call,gamma,fd_crn,0.0017782794100389228,0.018880092245930097,0.0011875627557590179,0.00011807490008320168,0.0011934181919577105,0.018762017345846895
call,gamma,fd_independent,0.0031622776601683794,-0.028066255202647498,1.4960580694155508,-0.046828272548494393,1.4967907783565682,0.018762017345846895
call,gamma,fd_crn,0.0031622776601683794,0.018907000401745831,0.00079073634357947596,0.00014498305589893609,0.00080391793832158831,0.018762017345846895
call,gamma,fd_independent,0.005623413251903491,0.0040425733163500198,0.47288068685840018,-0.014719444029496875,0.4731097188139447,0.018762017345846895
call,gamma,fd_crn,0.005623413251903491,0.018858679723936209,0.00053160287655387652,9.666237808931416e-05,0.00054031956627373552,0.018762017345846895
call,gamma,fd_independent,0.01,0.01414674890119679,0.14944044647095153,-0.0046152684446501054,0.14951169768367126,0.018762017345846895
call,gamma,fd_crn,0.01,0.01885670314374796,0.00040766647017316689,9.4685797901065266e-05,0.00041851804169905382,0.018762017345846895
call,gamma,fd_independent,0.017782794100389229,0.017304352952833953,0.047221510397329899,-0.0014576643930129425,0.047244003108201926,0.018762017345846895
call,gamma,fd_crn,0.017782794100389229,0.018824022170291953,0.00032001071140263382,6.2004824445058282e-05,0.00032596235007571392,0.018762017345846895
call,gamma,fd_independent,0.031622776601683791,0.018294021083374717,0.014904418093393901,-0.00046799626247217771,0.014911763785829476,0.018762017345846895
call,gamma,fd_crn,0.031622776601683791,0.018770631243860959,0.00023892859584460436,8.6138980140634813e-06,0.00023908382034606811,0.018762017345846895
call,gamma,fd_independent,0.056234132519034911,0.018560804665402549,0.0047158796057254621,-0.00020121268044434593,0.0047201702298189348,0.018762017345846895
call,gamma,fd_crn,0.056234132519034911,0.018708536881533098,0.00015990796232140061,-5.3480464313797327e-05,0.00016861410521365591,0.018762017345846895
call,gamma,fd_independent,0.10000000000000001,0.018489496279038821,0.0015125802491386046,-0.00027252106680807422,0.0015369342022150507,0.018762017345846895
call,gamma,fd_crn,0.10000000000000001,0.018545505259944677,0.0001019577499376954,-0.00021651208590221793,0.00023931750064315609,0.018762017345846895
call,gamma,fd_independent,0.17782794100389229,0.017996732031321204,0.00049209666701549169,-0.00076528531452569118,0.00090984654877426547,0.018762017345846895
call,gamma,fd_crn,0.17782794100389229,0.018021912740300669,6.473516445326765e-05,-0.00074010460554622612,0.00074293032558075489,0.018762017345846895
call,gamma,fd_independent,0.31622776601683794,0.016407983253161,0.00016231092749299369,-0.0023540340926858951,0.0023596231365858281,0.018762017345846895
call,gamma,fd_crn,0.31622776601683794,0.016417588477813379,3.2434701264254234e-05,-0.0023444288680335157,0.002344653221078762,0.018762017345846895
call,gamma,likelihood_ratio,nan,0.018655930914310087,0.00067657289542983961,-0.00010608643153680805,0.00068483955331634469,0.018762017345846895
call,gamma,mixed,nan,0.018743064253081605,0.00015304798443309154,-1.8953092765290613e-05,0.00015421707189673114,0.018762017345846895
digital,delta,fd_independent,0.0001,0.015829995591668117,0.11918190862667569,-0.0029320217541787784,0.11921796884473519,0.018762017345846895
digital,delta,fd_crn,0.0001,0.018823633726482103,0.0039403781407524137,6.1616380635207829e-05,0.0039408598643547368,0.018762017345846895
digital,delta,fd_independent,0.00017782794100389227,0.017229819203518713,0.067270183130361386,-0.0015321981423281825,0.067287630137639054,0.018762017345846895
digital,delta,fd_crn,0.00017782794100389227,0.019232100191640369,0.0030763505831077182,0.00047008284579347359,0.0031120589313341235,0.018762017345846895
digital,delta,fd_independent,0.00031622776601683794,0.017721403603024311,0.038140514287317941,-0.001040613742822584,0.038154707534757165,0.018762017345846895
digital,delta,fd_crn,0.00031622776601683794,0.018847368947287668,0.0025949795157534797,8.5351601440773056e-05,0.0025963827882361009,0.018762017345846895
digital,delta,fd_independent,0.0005623413251903491,0.017688621891449749,0.021652971492827227,-0.0010733954543971462,0.021679560702899611,0.018762017345846895
digital,delta,fd_crn,0.0005623413251903491,0.018475051729304883,0.0017579729949790753,-0.00028696561654201203,0.0017812406676676335,0.018762017345846895
digital,delta,fd_independent,0.001,0.01846076849803031,0.012224679542263001,-0.00030124884781658479,0.012228390768181002,0.018762017345846895
digital,delta,fd_crn,0.001,0.018837241172560165,0.0014280888714213978,7.522382671327002e-05,0.0014300686867360706,0.018762017345846895
digital,delta,fd_independent,0.0017782794100389228,0.018637792586242898,0.0068562138037010613,-0.00012422475960399693,0.0068573390985833304,0.018762017345846895
digital,delta,fd_crn,0.0017782794100389228,0.018970655858790413,0.00087536272486725116,0.0002086385129435181,0.00089988328641568921,0.018762017345846895
digital,delta,fd_independent,0.0031622776601683794,0.018649428542820538,0.0038529770524260922,-0.00011258880302635749,0.0038546216941600072,0.018762017345846895
digital,delta,fd_crn,0.0031622776601683794,0.018893985346893058,0.00060845405402536721,0.00013196800104616283,0.00062260090680951036,0.018762017345846895
digital,delta,fd_independent,0.005623413251903491,0.018670650945385402,0.0022311754872614644,-9.1366400461492803e-05,0.0022330454258903294,0.018762017345846895
digital,delta,fd_crn,0.005623413251903491,0.01884850507794647,0.00048927986880236774,8.6487732099575082e-05,0.00049686509015928063,0.018762017345846895
digital,delta,fd_independent,0.01,0.018712279459507323,0.0012069385471896637,-4.9737886339572268e-05,0.0012079629605372111,0.018762017345846895
digital,delta,fd_crn,0.01,0.01885152899092981,0.00037001859059892448,8.951164508291462e-05,0.00038069159695777917,0.018762017345846895
digital,delta,fd_independent,0.017782794100389229,0.01870691591717099,0.00067429942954669818,-5.5101428675905645e-05,0.00067654703319808339,0.018762017345846895
digital,delta,fd_crn,0.017782794100389229,0.018784966615561446,0.00029317516568332975,2.294926971455058e-05,0.00029407200947026402,0.018762017345846895
digital,delta,fd_independent,0.031622776601683791,0.018721146080671262,0.00040767585569209029,-4.0871265175632804e-05,0.00040971949383857112,0.018762017345846895
digital,delta,fd_crn,0.031622776601683791,0.018704077306662681,0.00018913773530303962,-5.7940039184214281e-05,0.00019781337431081593,0.018762017345846895
digital,delta,fd_independent,0.056234132519034911,0.018568657044875765,0.00023645094275275333,-0.00019336030097113002,0.0003054459924770856,0.018762017345846895
digital,delta,fd_crn,0.056234132519034911,0.018574787164637507,0.00012276174135204799,-0.00018723018120938781,0.00022388744023613141,0.018762017345846895
digital,delta,fd_independent,0.10000000000000001,0.018146799359102073,0.00012236487118549329,-0.0006152179867448225,0.00062726894783226358,0.018762017345846895
digital,delta,fd_crn,0.10000000000000001,0.018152355732912909,9.4364223393657488e-05,-0.00060966161293398574,0.00061692129882340513,0.018762017345846895
digital,delta,fd_independent,0.17782794100389229,0.016842932604433172,5.2696707962821171e-05,-0.0019190847414137235,0.0019198081122229632,0.018762017345846895
digital,delta,fd_crn,0.17782794100389229,0.016843736067504837,4.7317650498274157e-05,-0.0019182812783420586,0.0019188647745180794,0.018762017345846895
digital,delta,fd_independent,0.31622776601683794,0.013480867509700092,1.8553196523358659e-05,-0.0052811498361468034,0.0052811824256443407,0.018762017345846895
digital,delta,fd_crn,0.31622776601683794,0.013479791746632322,1.7075397409920427e-05,-0.0052822255992145736,0.0052822531982284291,0.018762017345846895
digital,delta,pathwise,nan,0,0,-0.018762017345846895,0.018762017345846895,0.018762017345846895
digital,delta,likelihood_ratio,nan,0.018746784703601322,0.0001062718202236841,-1.5232642245573136e-05,0.0001073579673961679,0.018762017345846895
digital,gamma,fd_independent,0.0001,-8.7314445598697663,41.574781193204537,-8.7311162245662146,42.481699845812635,-0.00032833530355232067
digital,gamma,fd_crn,0.0001,-0.24493402921193091,0.7657701644191226,-0.24460569390837861,0.80388798361891789,-0.00032833530355232067
digital,gamma,fd_independent,0.00017782794100389227,-2.8041557299826443,13.077552714238916,-2.8038273946790921,13.374746093023619,-0.00032833530355232067
digital,gamma,fd_crn,0.00017782794100389227,-0.063111433309072387,0.39099166295831572,-0.062783098005520066,0.39600024987123417,-0.00032833530355232067
digital,gamma,fd_independent,0.00031622776601683794,-0.90035934812239948,4.115402993020906,-0.90003101281884712,4.2126710789000787,-0.00032833530355232067
digital,gamma,fd_crn,0.00031622776601683794,-0.024493402921213901,0.14108307501493364,-0.02416506761766158,0.14313764196966342,-0.00032833530355232067
digital,gamma,fd_independent,0.0005623413251903491,-0.28127618345236211,1.3002327425511502,-0.2809478481488098,1.3302394063406526,-0.00032833530355232067
digital,gamma,fd_crn,0.0005623413251903491,0.0010040455299166549,0.064435651241694036,0.0013323808334689755,0.064449425052723483,-0.00032833530355232067
digital,gamma,fd_independent,0.001,-0.085091896074463894,0.41104844518364947,-0.084763560770911572,0.41969713547087706,-0.00032833530355232067
digital,gamma,fd_crn,0.001,0.0030843544419315279,0.026117841231718498,0.0034126897454838487,0.026339857287088431,-0.00032833530355232067
digital,gamma,fd_independent,0.0017782794100389228,-0.029633686640104531,0.13001693427200453,-0.02930535133655221,0.13327868102006979,-0.00032833530355232067
digital,gamma,fd_crn,0.0017782794100389228,-0.0016208163554365048,0.010040450011233737,-0.0012924810518841843,0.010123297076425408,-0.00032833530355232067
digital,gamma,fd_independent,0.0031622776601683794,-0.0094072810478905648,0.04057010086692199,-0.0090789457443382435,0.041573553374481501,-0.00032833530355232067
digital,gamma,fd_crn,0.0031622776601683794,-0.0015376414056098868,0.0041033411878796371,-0.0012093061020575662,0.0042778300752394473,-0.00032833530355232067
digital,gamma,fd_independent,0.005623413251903491,-0.0031598747177228959,0.013181765311805187,-0.0028315394141705751,0.013482453492948231,-0.00032833530355232067
digital,gamma,fd_crn,0.005623413251903491,-0.00082905473755961611,0.0016577485667032138,-0.00050071943400729544,0.0017317188749907261,-0.00032833530355232067
digital,gamma,fd_independent,0.01,-0.0012564208535513763,0.0040728266185314438,-0.00092808554999905567,0.0041772310748551273,-0.00032833530355232067
digital,gamma,fd_crn,0.01,-0.0004712712154656612,0.0007398270849909884,-0.00014293591191334053,0.00075350832152057976,-0.00032833530355232067
digital,gamma,fd_independent,0.017782794100389229,-0.00066668623186454383,0.0012631234512006163,-0.00033835092831222316,0.0013076552311915778,-0.00032833530355232067
digital,gamma,fd_crn,0.017782794100389229,-0.00040305256272361634,0.00032335120493978692,-7.4717259171295668e-05,0.00033187146691766476,-0.00032833530355232067
digital,gamma,fd_independent,0.031622776601683791,-0.00045231150727849617,0.00040634278994711528,-0.0001239762037261755,0.00042483474673378545,-0.00032833530355232067
digital,gamma,fd_crn,0.031622776601683791,-0.00036295594476960758,0.0001341092407968809,-3.4620641217286913e-05,0.00013850587447979197,-0.00032833530355232067
digital,gamma,fd_independent,0.056234132519034911,-0.00034554944087454088,0.00013270544029779245,-1.7214137322220206e-05,0.00013381726498617138,-0.00032833530355232067
digital,gamma,fd_crn,0.056234132519034911,-0.00032303013398927131,6.3300546523728041e-05,5.305169563049356e-06,6.3522468578412175e-05,-0.00032833530355232067
digital,gamma,fd_independent,0.10000000000000001,-0.00030834926370135765,3.860185160100844e-05,1.9986039850963019e-05,4.3468893889200355e-05,-0.00032833530355232067
digital,gamma,fd_crn,0.10000000000000001,-0.00029780802881452221,2.2992709051611261e-05,3.0527274737798457e-05,3.8217524415496546e-05,-0.00032833530355232067
digital,gamma,fd_independent,0.17782794100389229,-0.00024732510103356916,1.2918317449961985e-05,8.101020251875151e-05,8.2033748164198406e-05,-0.00032833530355232067
digital,gamma,fd_crn,0.17782794100389229,-0.00024534426263811974,8.8524472077587695e-06,8.2991040914200934e-05,8.3461839744812294e-05,-0.00032833530355232067
digital,gamma,fd_independent,0.31622776601683794,-0.00013610076840249785,3.6329300511288814e-06,0.00019223453514982281,0.00019226886041432933,-0.00032833530355232067
digital,gamma,fd_crn,0.31622776601683794,-0.00013554966683677045,3.267720951914829e-06,0.00019278563671555022,0.00019281332869913243,-0.00032833530355232067
digital,gamma,likelihood_ratio,nan,-0.00032859600582062741,9.6743798709568653e-06,-2.6070226830674035e-07,9.6778918964966573e-06,-0.00032833530355232067
digital,gamma,mixed,nan,0,0,0.00032833530355232067,0.00032833530355232067,-0.00032833530355232067
