payoff,greek,method,paths,best_h,bias,sd,rmse,exact
call,delta,fd_independent,256,0.17782794100389229,-0.027636253579030656,0.047400153797659841,0.054868361483885152,0.63683065117561899
call,delta,fd_independent,512,0.17782794100389229,-0.021261027766224849,0.030831884531072953,0.037451787746562909,0.63683065117561899
call,delta,fd_independent,1024,0.10000000000000001,-0.0085804605143163792,0.027722468017162889,0.029019985106825293,0.63683065117561899
call,delta,fd_independent,2048,0.10000000000000001,-0.0078658946538853192,0.02104706383610018,0.022468893938663238,0.63683065117561899
call,delta,fd_independent,4096,0.10000000000000001,-0.01042341825870996,0.019245394089839461,0.02188681890703251,0.63683065117561899
call,delta,fd_independent,8192,0.10000000000000001,-0.008577828117675379,0.016054764936519424,0.018202599055719377,0.63683065117561899
call,delta,fd_independent,16384,0.10000000000000001,-0.0091584010787767456,0.0097468756972176052,0.01337452414767532,0.63683065117561899
call,delta,fd_independent,32768,0.10000000000000001,-0.0082278917961309261,0.007371830614834856,0.011047266178682175,0.63683065117561899
call,delta,fd_independent,65536,0.056234132519034911,-0.0023049850841211361,0.0076372770525741131,0.0079775282522718798,0.63683065117561899
call,delta,fd_independent,131072,0.056234132519034911,-0.0024083466778735962,0.0043165311281413155,0.0049429317920681171,0.63683065117561899
call,delta,fd_independent,262144,0.056234132519034911,-0.0023599028799525801,0.0034471580136794171,0.0041775638803114318,0.63683065117561899
call,delta,fd_crn,256,0.10000000000000001,-0.015827604871690992,0.034628609685318529,0.038074317915262945,0.63683065117561899
call,delta,fd_crn,512,0.056234132519034911,-0.0055737624918427153,0.021418445904177501,0.022131801853117399,0.63683065117561899
call,delta,fd_crn,1024,0.056234132519034911,-0.0038553958671023736,0.018147215746219719,0.01855223751012031,0.63683065117561899
call,delta,fd_crn,2048,0.056234132519034911,-0.0037279629131360403,0.013182682298601619,0.013699664961873418,0.63683065117561899
call,delta,fd_crn,4096,0.0005623413251903491,-0.0019814421372846835,0.0090789401829290736,0.0092926458981611639,0.63683065117561899
call,delta,fd_crn,8192,0.0005623413251903491,-0.0017989037804994057,0.0068317895640505454,0.0070646587645097902,0.63683065117561899
call,delta,fd_crn,16384,0.00031622776601683794,-0.00021308870997371887,0.0046219524714617944,0.0046268619437768027,0.63683065117561899
call,delta,fd_crn,32768,0.01,-0.0008077157832866444,0.0032175481779617766,0.0033173816578855541,0.63683065117561899
call,delta,fd_crn,65536,0.0001,-0.00040456957887702316,0.0022033955098444539,0.0022402295232755577,0.63683065117561899
call,delta,fd_crn,131072,0.0001,-0.00056405719149144051,0.0015198882281656464,0.0016211788122812731,0.63683065117561899
call,delta,fd_crn,262144,0.0001,-0.00041670080569278234,0.00092804378579421348,0.0010173027227999884,0.63683065117561899
call,delta,pathwise,256,nan,-0.010701389723583699,0.038788206761935076,0.040237354856186174,0.63683065117561899
call,delta,pathwise,512,nan,-0.003871491843695285,0.023362319857558211,0.023680929842864233,0.63683065117561899
call,delta,pathwise,1024,nan,-0.0016561847196200352,0.019205381177696077,0.019276659824930917,0.63683065117561899
call,delta,pathwise,2048,nan,-0.00099939375009028275,0.014480662585884506,0.014515108569830088,0.63683065117561899
call,delta,pathwise,4096,nan,-0.0020204593611420352,0.0090764519737648753,0.0092986147603869879,0.63683065117561899
call,delta,pathwise,8192,nan,-0.0017990884113181504,0.0068721859258507609,0.0071037777633594749,0.63683065117561899
call,delta,pathwise,16384,nan,-0.0002163647567150484,0.0046308955541092276,0.0046359472970491124,0.63683065117561899
call,delta,pathwise,32768,nan,-0.00067895030986475646,0.0032751036264561596,0.0033447387472404682,0.63683065117561899
call,delta,pathwise,65536,nan,-0.00040058260992892336,0.0022015406351650131,0.0022376880023051108,0.63683065117561899
call,delta,pathwise,131072,nan,-0.00056493073426044926,0.001521511366994011,0.0016230044899519023,0.63683065117561899
call,delta,pathwise,262144,nan,-0.00041793693406400045,0.00092834997924624071,0.0010180888786453335,0.63683065117561899
call,delta,likelihood_ratio,256,nan,-0.0055661786033098792,0.10184407137758356,0.10199606472313665,0.63683065117561899
call,delta,likelihood_ratio,512,nan,0.0095182870707101186,0.067576666110066713,0.068243707338566287,0.63683065117561899
call,delta,likelihood_ratio,1024,nan,0.011208043095286335,0.050391414937159873,0.051622814039868209,0.63683065117561899
call,delta,likelihood_ratio,2048,nan,0.0050907483490894023,0.036143650734660249,0.036500400096202541,0.63683065117561899
call,delta,likelihood_ratio,4096,nan,0.0021088847339060246,0.024573846402831907,0.024664170812149281,0.63683065117561899
call,delta,likelihood_ratio,8192,nan,0.0017140752386420877,0.017061938551844652,0.01714782205035522,0.63683065117561899
call,delta,likelihood_ratio,16384,nan,0.0012814998499361963,0.011829282450648218,0.011898494239297694,0.63683065117561899
call,delta,likelihood_ratio,32768,nan,-0.00068927503794036227,0.0093155330560362876,0.0093409986723065365,0.63683065117561899
call,delta,likelihood_ratio,65536,nan,-0.00077262766190122623,0.0064697140930042082,0.0065156852248364648,0.63683065117561899
call,delta,likelihood_ratio,131072,nan,-0.00045993921282894146,0.0045842722821163384,0.0046072873185940824,0.63683065117561899
call,delta,likelihood_ratio,262144,nan,-0.00078695510992721207,0.0030949916806397217,0.0031934733204255269,0.63683065117561899
call,gamma,fd_independent,256,0.31622776601683794,-0.0030095869200907274,0.0021382934704965335,0.0036918711239084852,0.018762017345846895
call,gamma,fd_independent,512,0.31622776601683794,-0.0029747425802746606,0.001759012790077968,0.0034558963257825055,0.018762017345846895
call,gamma,fd_independent,1024,0.31622776601683794,-0.0025442765857896718,0.0012360018620789347,0.0028286116644142129,0.018762017345846895
call,gamma,fd_independent,2048,0.31622776601683794,-0.002270434140348089,0.00080384956423743014,0.0024085359261557366,0.018762017345846895
call,gamma,fd_independent,4096,0.17782794100389229,-0.0011275072760985223,0.0022418977722933556,0.0025094577659464648,0.018762017345846895
call,gamma,fd_independent,8192,0.17782794100389229,-0.001032927071032641,0.0013789683680866245,0.0017229312505888212,0.018762017345846895
call,gamma,fd_independent,16384,0.17782794100389229,-0.00096306483473344168,0.00097153003997365759,0.0013679782507303865,0.018762017345846895
call,gamma,fd_independent,32768,0.17782794100389229,-0.00073158239644375775,0.00066874145451977873,0.00099117502782284663,0.018762017345846895
call,gamma,fd_independent,65536,0.17782794100389229,-0.00076528531452569118,0.00049209666701549169,0.00090984654877426547,0.018762017345846895
call,gamma,fd_independent,131072,0.17782794100389229,-0.00068173441141294519,0.00034849820627001174,0.00076564535359262156,0.018762017345846895
call,gamma,fd_independent,262144,0.17782794100389229,-0.00069632189219604942,0.00024536468452637415,0.00073828721102577261,0.018762017345846895
call,gamma,fd_crn,256,0.17782794100389229,-0.001064426540858119,0.001421889469815345,0.0017761682142339288,0.018762017345846895
call,gamma,fd_crn,512,0.17782794100389229,-0.00089412371986579212,0.00096049035222491182,0.0013122495734972737,0.018762017345846895
call,gamma,fd_crn,1024,0.17782794100389229,-0.00084070289769111115,0.00072824419305257313,0.0011122593973084806,0.018762017345846895
call,gamma,fd_crn,2048,0.10000000000000001,-0.00024548692558847354,0.00085618687461564856,0.00089068501441249876,0.018762017345846895
call,gamma,fd_crn,4096,0.10000000000000001,-0.00024628836777421115,0.00052625553970930448,0.00058103601710704337,0.018762017345846895
call,gamma,fd_crn,8192,0.10000000000000001,-0.00027942781290840255,0.00032653389693184352,0.00042977236820469159,0.018762017345846895
call,gamma,fd_crn,16384,0.10000000000000001,-0.0002363316379717581,0.00026707779208387148,0.00035662752295751072,0.018762017345846895
call,gamma,fd_crn,32768,0.056234132519034911,-6.4848901231193135e-05,0.0002609357661765822,0.00026887330485017108,0.018762017345846895
call,gamma,fd_crn,65536,0.056234132519034911,-5.3480464313797327e-05,0.00015990796232140061,0.00016861410521365591,0.018762017345846895
call,gamma,fd_crn,131072,0.056234132519034911,-6.8405437494666044e-05,0.00013846576915043759,0.00015444116389505403,0.018762017345846895
call,gamma,fd_crn,262144,0.056234132519034911,-5.7191375309621761e-05,8.3565538870559195e-05,0.00010126229652014097,0.018762017345846895
call,gamma,likelihood_ratio,256,nan,-0.0006341866083225331,0.0088556512070452863,0.0088783304148369185,0.018762017345846895
call,gamma,likelihood_ratio,512,nan,0.0009577570691939076,0.0063900375985076691,0.0064614146372085242,0.018762017345846895
call,gamma,likelihood_ratio,1024,nan,0.0012375822146473356,0.0051667325308835535,0.0053128838481282248,0.018762017345846895
call,gamma,likelihood_ratio,2048,nan,0.0006462571339187935,0.0034708623165429619,0.0035305146230456132,0.018762017345846895
call,gamma,likelihood_ratio,4096,nan,0.00044692749671315299,0.0022336473278924689,0.0022779211076592296,0.018762017345846895
call,gamma,likelihood_ratio,8192,nan,0.00025629009247268852,0.0015429744378861062,0.0015641146784905525,0.018762017345846895
call,gamma,likelihood_ratio,16384,nan,0.00010179585328884064,0.0011812354246754496,0.0011856135644698878,0.018762017345846895
call,gamma,likelihood_ratio,32768,nan,-7.4715730875998115e-05,0.00099883371177174308,0.0010016242929422449,0.018762017345846895
call,gamma,likelihood_ratio,65536,nan,-0.00010608643153680805,0.00067657289542983961,0.00068483955331634469,0.018762017345846895
call,gamma,likelihood_ratio,131072,nan,-3.5531356584891927e-05,0.00044107605319935116,0.00044250487229710773,0.018762017345846895
call,gamma,likelihood_ratio,262144,nan,-7.9198915473827763e-05,0.00028760313105513933,0.00029830861403075534,0.018762017345846895
call,gamma,mixed,256,nan,-7.2875438581587737e-05,0.0026110564892945875,0.0026120732799513563,0.018762017345846895
call,gamma,mixed,512,nan,0.0002241735327424936,0.0016372753642776912,0.0016525508740286626,0.018762017345846895
call,gamma,mixed,1024,nan,0.00023418754527797583,0.0012015256262898962,0.0012241354651322913,0.018762017345846895
call,gamma,mixed,2048,nan,0.00010186471011795761,0.00089422167163207055,0.00090000489842215312,0.018762017345846895
call,gamma,mixed,4096,nan,1.9483855312606158e-05,0.00063766329952707243,0.0006379608954956373,0.018762017345846895
call,gamma,mixed,8192,nan,2.1297729200470822e-05,0.00044759784071637644,0.0004481042515788701,0.018762017345846895
call,gamma,mixed,16384,nan,2.754098351712142e-05,0.0003018763789370236,0.00030313009407384781,0.018762017345846895
call,gamma,mixed,32768,nan,-1.7908794883805118e-05,0.00022027579473046606,0.00022100260332930159,0.018762017345846895
call,gamma,mixed,65536,nan,-1.8953092765290613e-05,0.00015304798443309154,0.00015421707189673114,0.018762017345846895
call,gamma,mixed,131072,nan,-1.2734612412107493e-05,0.00011512968384377217,0.00011583183696744836,0.018762017345846895
call,gamma,mixed,262144,nan,-2.0165272850026367e-05,7.7807266123630344e-05,8.0377912953431705e-05,0.018762017345846895
digital,delta,fd_independent,256,0.17782794100389229,-0.0021601746764420178,0.0013041884344451066,0.0025233434378383285,0.018762017345846895
digital,delta,fd_independent,512,0.10000000000000001,-0.00048231859682043229,0.0018394599136390662,0.0019016424487068727,0.018762017345846895
digital,delta,fd_independent,1024,0.10000000000000001,-0.00058246939987608229,0.0011574085092804207,0.0012957102527751832,0.018762017345846895
digital,delta,fd_independent,2048,0.10000000000000001,-0.00057593782576375457,0.00070675113309856487,0.00091170255197711616,0.018762017345846895
digital,delta,fd_independent,4096,0.056234132519034911,-0.00023421432280431795,0.0007346892961801523,0.00077111912888241387,0.018762017345846895
digital,delta,fd_independent,8192,0.10000000000000001,-0.00059408108718687555,0.0003899170666608113,0.00071061076337648559,0.018762017345846895
digital,delta,fd_independent,16384,0.056234132519034911,-0.00024566796762231363,0.00042157602776110901,0.00048793349700396003,0.018762017345846895
digital,delta,fd_independent,32768,0.056234132519034911,-0.00020154723723187981,0.00033899150613701199,0.00039438119892921302,0.018762017345846895
digital,delta,fd_independent,65536,0.056234132519034911,-0.00019336030097113002,0.00023645094275275333,0.0003054459924770856,0.018762017345846895
digital,delta,fd_independent,131072,0.056234132519034911,-0.00018416512132852364,0.0001595685269540231,0.00024367787488450122,0.018762017345846895
digital,delta,fd_independent,262144,0.031622776601683791,-7.8254031780567584e-05,0.00018930985181696652,0.00020484607266158631,0.018762017345846895
digital,delta,fd_crn,256,0.10000000000000001,-0.00083937798162752111,0.0016994830517155282,0.0018954677626141301,0.018762017345846895
digital,delta,fd_crn,512,0.10000000000000001,-0.00064778514099932821,0.0011683681328183942,0.0013359302686461823,0.018762017345846895
digital,delta,fd_crn,1024,0.10000000000000001,-0.00056795479073757857,0.00091597693742269891,0.0010777691748292087,0.018762017345846895
digital,delta,fd_crn,2048,0.10000000000000001,-0.00056722906028066136,0.00063981608816985399,0.00085505171393773403,0.018762017345846895
digital,delta,fd_crn,4096,0.056234132519034911,-0.00020517691340659477,0.00057976913387802916,0.00061500391412798124,0.018762017345846895
digital,delta,fd_crn,8192,0.056234132519034911,-0.0002497009411497747,0.00033840118378865259,0.00042055430232093056,0.018762017345846895
digital,delta,fd_crn,16384,0.056234132519034911,-0.0002067901028175792,0.00030926557792740475,0.00037203137544308899,0.018762017345846895
digital,delta,fd_crn,32768,0.056234132519034911,-0.00018436677000489149,0.00019645605664763211,0.00026941805447217937,0.018762017345846895
digital,delta,fd_crn,65536,0.031622776601683791,-5.7940039184214281e-05,0.00018913773530303962,0.00019781337431081593,0.018762017345846895
digital,delta,fd_crn,131072,0.031622776601683791,-5.3278399223897349e-05,0.0001632928481122936,0.00017176478704462558,0.018762017345846895
digital,delta,fd_crn,262144,0.031622776601683791,-4.4690224066220446e-05,9.9929961744521192e-05,0.00010946786460578492,0.018762017345846895
digital,delta,pathwise,256,nan,-0.018762017345846895,0,0.018762017345846895,0.018762017345846895
digital,delta,pathwise,512,nan,-0.018762017345846895,0,0.018762017345846895,0.018762017345846895
digital,delta,pathwise,1024,nan,-0.018762017345846895,0,0.018762017345846895,0.018762017345846895
digital,delta,pathwise,2048,nan,-0.018762017345846895,0,0.018762017345846895,0.018762017345846895
digital,delta,pathwise,4096,nan,-0.018762017345846895,0,0.018762017345846895,0.018762017345846895
digital,delta,pathwise,8192,nan,-0.018762017345846895,0,0.018762017345846895,0.018762017345846895
digital,delta,pathwise,16384,nan,-0.018762017345846895,0,0.018762017345846895,0.018762017345846895
digital,delta,pathwise,32768,nan,-0.018762017345846895,0,0.018762017345846895,0.018762017345846895
digital,delta,pathwise,65536,nan,-0.018762017345846895,0,0.018762017345846895,0.018762017345846895
digital,delta,pathwise,131072,nan,-0.018762017345846895,0,0.018762017345846895,0.018762017345846895
digital,delta,pathwise,262144,nan,-0.018762017345846895,0,0.018762017345846895,0.018762017345846895
digital,delta,likelihood_ratio,256,nan,-0.00012422754978431635,0.0019323581548529275,0.0019363472113110357,0.018762017345846895
digital,delta,likelihood_ratio,512,nan,9.02757435984336e-05,0.0011856366213990304,0.0011890685042859213,0.018762017345846895
digital,delta,likelihood_ratio,1024,nan,0.0001055452671289113,0.00088236530101212763,0.0008886553481769723,0.018762017345846895
digital,delta,likelihood_ratio,2048,nan,4.0963289126165481e-05,0.00067965042822324664,0.00068088376074046321,0.018762017345846895
digital,delta,likelihood_ratio,4096,nan,-2.1809585637869167e-05,0.00048563162143156819,0.00048612110606303602,0.018762017345846895
digital,delta,likelihood_ratio,8192,nan,-1.3833907299129478e-05,0.00034425690726059606,0.00034453475178534824,0.018762017345846895
digital,delta,likelihood_ratio,16384,nan,1.2562337450606337e-05,0.0002254009278013388,0.00022575072663432835,0.018762017345846895
digital,delta,likelihood_ratio,32768,nan,-1.7805547603038513e-05,0.00015248067510479515,0.00015351675415360426,0.018762017345846895
digital,delta,likelihood_ratio,65536,nan,-1.5232642245573136e-05,0.0001062718202236841,0.0001073579673961679,0.018762017345846895
digital,delta,likelihood_ratio,131072,nan,-1.3784527626427984e-05,8.1054986388405783e-05,8.2218757107538438e-05,0.018762017345846895
digital,delta,likelihood_ratio,262144,nan,-1.647509109138981e-05,5.244095974531933e-05,5.4968016932392554e-05,0.018762017345846895
digital,gamma,fd_independent,256,0.31622776601683794,0.00017796395287746411,5.3489208741068974e-05,0.00018582858761643191,-0.00032833530355232067
digital,gamma,fd_independent,512,0.17782794100389229,7.7751215666435917e-06,0.00012847402785231754,0.00012870908417036517,-0.00032833530355232067
digital,gamma,fd_independent,1024,0.17782794100389229,3.6691632828238208e-05,0.00010434803934325104,0.00011061098152707495,-0.00032833530355232067
digital,gamma,fd_independent,2048,0.17782794100389229,5.4638229500116693e-05,6.0634498705482667e-05,8.1620331757305433e-05,-0.00032833530355232067
digital,gamma,fd_independent,4096,0.17782794100389229,6.7994903749519814e-05,5.3026058313676191e-05,8.6226850784380688e-05,-0.00032833530355232067
digital,gamma,fd_independent,8192,0.17782794100389229,7.1035727354409775e-05,3.5288122200809291e-05,7.9317880261825521e-05,-0.00032833530355232067
digital,gamma,fd_independent,16384,0.10000000000000001,8.8572138776880482e-07,7.834690559485686e-05,7.8351912029421233e-05,-0.00032833530355232067
digital,gamma,fd_independent,32768,0.10000000000000001,1.5191683019902366e-05,5.7161254842291919e-05,5.9145551718811713e-05,-0.00032833530355232067
digital,gamma,fd_independent,65536,0.10000000000000001,1.9986039850963019e-05,3.860185160100844e-05,4.3468893889200355e-05,-0.00032833530355232067
digital,gamma,fd_independent,131072,0.10000000000000001,2.9851438249787164e-05,3.2413861389343653e-05,4.406548281533336e-05,-0.00032833530355232067
digital,gamma,fd_independent,262144,0.10000000000000001,2.8568936457939922e-05,2.2426496092271888e-05,3.6319854863621015e-05,-0.00032833530355232067
digital,gamma,fd_crn,256,0.17782794100389229,9.9206376222352139e-05,0.0001457245044189718,0.00017628821932087752,-0.00032833530355232067
digital,gamma,fd_crn,512,0.17782794100389229,9.5350841387472864e-05,8.5041587567815069e-05,0.00012776484089667769,-0.00032833530355232067
digital,gamma,fd_crn,1024,0.17782794100389229,8.5253012058027162e-05,7.8486539139887215e-05,0.00011588016608170344,-0.00032833530355232067
digital,gamma,fd_crn,2048,0.17782794100389229,8.6170996542522219e-05,6.2514154187142144e-05,0.00010645872495415845,-0.00032833530355232067
digital,gamma,fd_crn,4096,0.10000000000000001,4.4211829666190188e-05,7.5712405014830697e-05,8.7675847047872737e-05,-0.00032833530355232067
digital,gamma,fd_crn,8192,0.10000000000000001,3.5103912431781585e-05,5.476148585341633e-05,6.5046944593056077e-05,-0.00032833530355232067
digital,gamma,fd_crn,16384,0.10000000000000001,2.8191329829570992e-05,4.1051788418706647e-05,4.9799602507790325e-05,-0.00032833530355232067
digital,gamma,fd_crn,32768,0.10000000000000001,3.1375472209329517e-05,3.8644820949099077e-05,4.9777931280300666e-05,-0.00032833530355232067
digital,gamma,fd_crn,65536,0.10000000000000001,3.0527274737798457e-05,2.2992709051611261e-05,3.8217524415496546e-05,-0.00032833530355232067
digital,gamma,fd_crn,131072,0.10000000000000001,3.1021678611578606e-05,1.6648648759872328e-05,3.5206846626894494e-05,-0.00032833530355232067
digital,gamma,fd_crn,262144,0.056234132519034911,7.5822013898242603e-06,2.8807981936125415e-05,2.9789085268735278e-05,-0.00032833530355232067
digital,gamma,likelihood_ratio,256,nan,1.6884039488410693e-05,0.00014808884600775313,0.00014904823749831541,-0.00032833530355232067
digital,gamma,likelihood_ratio,512,nan,2.723784655356661e-05,9.0806816846934844e-05,9.4803893753096509e-05,-0.00032833530355232067
digital,gamma,likelihood_ratio,1024,nan,2.4497738062333532e-05,7.0813197835573608e-05,7.4930955938589167e-05,-0.00032833530355232067
digital,gamma,likelihood_ratio,2048,nan,1.1492762208093344e-05,4.5311690286636215e-05,4.6746474303457596e-05,-0.00032833530355232067
digital,gamma,likelihood_ratio,4096,nan,8.401860307600715e-06,3.0907372009260657e-05,3.2029000938950084e-05,-0.00032833530355232067
digital,gamma,likelihood_ratio,8192,nan,7.589139060705291e-06,2.2286224433231487e-05,2.3542957145844844e-05,-0.00032833530355232067
digital,gamma,likelihood_ratio,16384,nan,3.0227453137315072e-06,1.7623942461685937e-05,1.7881284549061411e-05,-0.00032833530355232067
digital,gamma,likelihood_ratio,32768,nan,5.1924480934893973e-07,1.45985497275376e-05,1.4607781122382136e-05,-0.00032833530355232067
digital,gamma,likelihood_ratio,65536,nan,-2.6070226830674035e-07,9.6743798709568653e-06,9.6778918964966573e-06,-0.00032833530355232067
digital,gamma,likelihood_ratio,131072,nan,5.8598114905663527e-07,7.2437293274269562e-06,7.2673921372164252e-06,-0.00032833530355232067
digital,gamma,likelihood_ratio,262144,nan,-3.4874147839127718e-07,5.1979525952397291e-06,5.2096383560771248e-06,-0.00032833530355232067
digital,gamma,mixed,256,nan,0.00032833530355232067,0,0.00032833530355232067,-0.00032833530355232067
digital,gamma,mixed,512,nan,0.00032833530355232067,0,0.00032833530355232067,-0.00032833530355232067
digital,gamma,mixed,1024,nan,0.00032833530355232067,0,0.00032833530355232067,-0.00032833530355232067
digital,gamma,mixed,2048,nan,0.00032833530355232067,0,0.00032833530355232067,-0.00032833530355232067
digital,gamma,mixed,4096,nan,0.00032833530355232067,0,0.00032833530355232067,-0.00032833530355232067
digital,gamma,mixed,8192,nan,0.00032833530355232067,0,0.00032833530355232067,-0.00032833530355232067
digital,gamma,mixed,16384,nan,0.00032833530355232067,0,0.00032833530355232067,-0.00032833530355232067
digital,gamma,mixed,32768,nan,0.00032833530355232067,0,0.00032833530355232067,-0.00032833530355232067
digital,gamma,mixed,65536,nan,0.00032833530355232067,0,0.00032833530355232067,-0.00032833530355232067
digital,gamma,mixed,131072,nan,0.00032833530355232067,0,0.00032833530355232067,-0.00032833530355232067
digital,gamma,mixed,262144,nan,0.00032833530355232067,0,0.00032833530355232067,-0.00032833530355232067
