strike,maturity,vol,type,in_the_money,price,vega,status,implied_vol,rel_vol_error,noise_bound
50,0.0027397260273972603,0.050000000000000003,call,1,50.001369731661264,0,zero_time_value,0,1,inf
50,0.0027397260273972603,0.050000000000000003,put,0,0,0,zero_time_value,0,1,-nan
50,0.0027397260273972603,0.10000000000000001,call,1,50.001369731661264,0,zero_time_value,0,1,inf
50,0.0027397260273972603,0.10000000000000001,put,0,0,0,zero_time_value,0,1,-nan
50,0.0027397260273972603,0.20000000000000001,call,1,50.001369731661264,0,zero_time_value,0,1,inf
50,0.0027397260273972603,0.20000000000000001,put,0,0,0,zero_time_value,0,1,-nan
50,0.0027397260273972603,0.5,call,1,50.001369731661264,6.6787715860207359e-153,zero_time_value,0,1,7.0139793601609294e+141
50,0.0027397260273972603,0.5,put,0,4.7396508439454936e-156,6.6787715860207359e-153,ok,0.49999999999995792,8.4154905266586866e-14,4.5011906828854426e-13
50,0.0027397260273972603,1,call,1,50.001369731661264,1.2104680797632392e-38,zero_time_value,0,1,4.8724221036518241e+26
50,0.0027397260273972603,1,put,0,6.7866759964025036e-41,1.2104680797632392e-38,ok,1.0000000000000027,2.6645352591003757e-15,1.1303445801567726e-13
50,0.019178082191780823,0.050000000000000003,call,1,50.009582606085537,0,zero_time_value,0,1,inf
50,0.019178082191780823,0.050000000000000003,put,0,0,0,zero_time_value,0,1,-nan
50,0.019178082191780823,0.10000000000000001,call,1,50.009582606085537,0,zero_time_value,0,1,inf
50,0.019178082191780823,0.10000000000000001,put,0,0,0,zero_time_value,0,1,-nan
50,0.019178082191780823,0.20000000000000001,call,1,50.009582606085537,2.75847314214689e-136,zero_time_value,0,1,3.7943009446039969e+125
50,0.019178082191780823,0.20000000000000001,put,0,8.7572173660150791e-140,2.75847314214689e-136,ok,0.20000000000000001,0,4.0215403436561209e-13
50,0.019178082191780823,0.5,call,1,50.009582606085537,6.4153963132008402e-22,zero_time_value,0,1,10589142931.524731
50,0.019178082191780823,0.5,put,0,3.1063519139278849e-24,6.4153963132008402e-22,ok,0.50000000000001077,2.1538326677728037e-14,6.4913199002467465e-14
50,0.019178082191780823,1,call,1,50.009583106325628,1.3949323085634006e-05,ok,1.0000000001744964,1.7449641731559495e-10,6.3917775370505639e-08
50,0.019178082191780823,1,put,0,5.002400886939466e-07,1.3949323085634006e-05,ok,1.0000000000000033,3.3306690738754696e-15,1.6756838662044283e-14
50,0.082191780821917804,0.050000000000000003,call,1,50.040977784957448,0,zero_time_value,0,1,inf
50,0.082191780821917804,0.050000000000000003,put,0,0,0,zero_time_value,0,1,-nan
50,0.082191780821917804,0.10000000000000001,call,1,50.040977784957448,2.3474899426324773e-127,zero_time_value,0,1,8.3457331836205345e+116
50,0.082191780821917804,0.10000000000000001,put,0,3.9766616304753327e-131,2.3474899426324773e-127,ok,0.10000000000000001,0,3.7606931622505526e-13
50,0.082191780821917804,0.20000000000000001,call,1,50.040977784957448,1.0539138904617751e-31,zero_time_value,0,1,2.3437326428079063e+20
50,0.082191780821917804,0.20000000000000001,put,0,1.4071705102478809e-34,1.0539138904617751e-31,ok,0.20000000000000001,0,9.4522948843446e-14
50,0.082191780821917804,0.5,call,1,50.040978997611511,6.3756136561541268e-05,ok,0.49999999997171501,5.6569970929842839e-11,2.6285999579654041e-08
50,0.082191780821917804,0.5,put,0,1.212654064302293e-06,6.3756136561541268e-05,ok,0.50000000000000011,2.2204460492503131e-16,1.5715034294703672e-14
50,0.082191780821917804,1,call,1,50.091829690611291,0.42390540573919538,ok,0.99999999999998868,1.1324274851176597e-14,5.9137255678496815e-13
50,0.082191780821917804,1,put,0,0.050851905653847895,0.42390540573919538,ok,1,0,4.5004671606354062e-15
50,0.25,0.050000000000000003,call,1,50.123909498789089,6.3644313883117037e-169,zero_time_value,0,1,8.1461465371516153e+158
50,0.25,0.050000000000000003,put,0,4.0649246709844664e-173,6.3644313883117037e-169,ok,0.050000000000000003,0,4.967307911783187e-13
50,0.25,0.10000000000000001,call,1,50.123909498789089,6.4745243338485343e-42,zero_time_value,0,1,1.0074812327255184e+31
50,0.25,0.10000000000000001,put,0,3.2710610782831519e-45,6.4745243338485343e-42,ok,0.10000000000000001,0,1.2468685863369254e-13
50,0.25,0.20000000000000001,call,1,50.123909498790496,3.6533243199944701e-10,ok,0.19997718755436722,0.00011406222816395806,0.022897798199839375
50,0.25,0.20000000000000001,put,0,1.4151856176801128e-12,3.6533243199944701e-10,ok,0.20000000000000001,0,3.1687829918973176e-14
50,0.25,0.5,call,1,50.137542433351285,0.28207634891710692,ok,0.49999999999997796,4.4075854077618715e-14,2.2317849378791371e-12
50,0.25,0.5,put,0,0.01363293456220202,0.28207634891710692,ok,0.50000000000000033,6.6613381477509392e-16,5.6957229708031871e-15
50,0.25,1,call,1,51.39602047738348,5.1317252592809171,ok,0.99999999999999978,2.2204460492503131e-16,2.2402163279975555e-14
50,0.25,1,put,0,1.27211097859439,5.1317252592809171,ok,0.999999999999999,9.9920072216264089e-16,2.0229109456338633e-15
50,1,0.050000000000000003,call,1,50.482706697491395,1.8491467807817628e-43,zero_time_value,0,1,7.2682984591272145e+32
50,1,0.050000000000000003,put,0,4.479469683296801e-47,1.8491467807817628e-43,ok,0.050000000000000003,0,1.273510859776276e-13
50,1,0.10000000000000001,call,1,50.482706697491864,2.4975592011254045e-10,ok,0.10001716945746793,0.00017169457467922089,0.068954705698512864
50,1,0.10000000000000001,put,0,4.6465125928370566e-13,2.4975592011254045e-10,ok,0.10000000000000001,0,3.2352901298431833e-14
50,1,0.20000000000000001,call,1,50.48332684320367,0.047711720343886342,ok,0.19999999999991988,4.0065173401160337e-13,4.9554290429072485e-11
50,1,0.20000000000000001,put,0,0.00062014571227947575,0.047711720343886342,ok,0.20000000000000001,0,8.633538154791365e-15
50,1,0.5,call,1,51.655277240252317,9.6915101522203742,ok,0.50000000000000056,1.1102230246251565e-15,2.4153720628558114e-14
50,1,0.5,put,0,1.1725705427609174,9.6915101522203742,ok,0.49999999999999994,1.1102230246251565e-16,2.0459747874212337e-15
50,1,1,call,1,59.50715828025929,18.922820204182223,ok,0.99999999999999989,1.1102230246251565e-16,3.5928474391672252e-15
50,1,1,put,0,9.0244515827678971,18.922820204182223,ok,0.99999999999999989,1.1102230246251565e-16,1.1300909562455938e-15
50,2,0.050000000000000003,call,1,50.931640651463091,1.7367227536661732e-22,zero_time_value,0,1,405316784346.09863
50,2,0.050000000000000003,put,0,7.8622257216485439e-26,1.7367227536661732e-22,ok,0.050000000000000003,0,6.5790823712181909e-14
50,2,0.10000000000000001,call,1,50.931640839371774,5.5791554320748965e-05,ok,0.099999999839625237,1.6037476902042158e-09,1.6524663392307003e-07
50,2,0.10000000000000001,put,0,1.8790869133944571e-07,5.5791554320748965e-05,ok,0.10000000000000001,0,1.6973023854084241e-14
50,2,0.20000000000000001,call,1,50.960248106690955,1.3189378129631892,ok,0.20000000000000598,2.9837243786801082e-14,1.0304491289823429e-12
50,2,0.20000000000000001,put,0,0.028607455227855627,1.3189378129631892,ok,0.20000000000000001,0,4.8065706542417771e-15
50,2,0.5,call,1,54.514760284487934,21.035823481213377,ok,0.50000000000000022,4.4408920985006262e-16,7.9876501104059757e-15
50,2,0.5,put,0,3.5831196330248432,21.035823481213377,ok,0.50000000000000022,4.4408920985006262e-16,1.4418432263703399e-15
50,2,1,call,1,67.198753083681666,26.097915772823843,ok,0.99999999999999978,2.2204460492503131e-16,2.5047968206168294e-15
50,2,1,put,0,16.267112432218575,26.097915772823843,ok,0.99999999999999978,2.2204460492503131e-16,1.0281359354450119e-15
50,5,0.050000000000000003,call,1,52.087543628819162,6.7218771105305031e-10,ok,0.050022151415392263,0.00044302830784520575,0.047575687071251593
50,5,0.050000000000000003,put,0,6.3153683146404787e-13,6.7218771105305031e-10,ok,0.050000000000000003,0,2.8859311581768384e-14
50,5,0.10000000000000001,call,1,52.088232907847086,0.10511529521417259,ok,0.10000000000001449,1.4488410471358293e-13,4.1981212572261295e-11
50,5,0.10000000000000001,put,0,0.00068927902856888781,0.10511529521417259,ok,0.10000000000000001,0,7.7552655553434664e-15
50,5,0.20000000000000001,call,1,52.515820581518902,11.549832025843326,ok,0.1999999999999994,3.0531133177191805e-15,6.4177247348396248e-14
50,5,0.20000000000000001,put,0,0.42827695270039357,11.549832025843326,ok,0.20000000000000001,0,2.5169852579608099e-15
50,5,0.5,call,1,61.299658802919325,37.958522054907782,ok,0.5,0,3.5636459831106791e-15
50,5,0.5,put,0,9.2121151741008092,37.958522054907782,ok,0.5,0,1.0973855139843817e-15
50,5,1,call,1,78.844141944760764,28.687709014923392,ok,0.99999999999999978,2.2204460492503131e-16,2.6259433285092904e-15
50,5,1,put,0,26.756598315942259,28.687709014923392,ok,1.0000000000000004,4.4408920985006262e-16,1.206889628411045e-15
60,0.0027397260273972603,0.050000000000000003,call,1,40.002191615692965,0,zero_time_value,0,1,inf
60,0.0027397260273972603,0.050000000000000003,put,0,0,0,zero_time_value,0,1,-nan
60,0.0027397260273972603,0.10000000000000001,call,1,40.002191615692965,0,zero_time_value,0,1,inf
60,0.0027397260273972603,0.10000000000000001,put,0,0,0,zero_time_value,0,1,-nan
60,0.0027397260273972603,0.20000000000000001,call,1,40.002191615692965,0,zero_time_value,0,1,inf
60,0.0027397260273972603,0.20000000000000001,put,0,0,0,zero_time_value,0,1,-nan
60,0.0027397260273972603,0.5,call,1,40.002191615692965,2.9042267212101125e-83,zero_time_value,0,1,9.3594210134160193e+71
60,0.0027397260273972603,0.5,put,0,3.7811255689526216e-86,2.9042267212101125e-83,ok,0.49999999999996392,7.2164496600635175e-14,3.3190942762809777e-13
60,0.0027397260273972603,1,call,1,40.002191615692965,3.3283561394368981e-21,zero_time_value,0,1,1032946522.0390526
60,0.0027397260273972603,1,put,0,3.3891878669499228e-23,3.3283561394368981e-21,ok,0.99999999999999145,8.5487172896137054e-15,8.3489868849244324e-14
60,0.019178082191780823,0.050000000000000003,call,1,40.015334375965679,0,zero_time_value,0,1,inf
60,0.019178082191780823,0.050000000000000003,put,0,0,0,zero_time_value,0,1,-nan
60,0.019178082191780823,0.10000000000000001,call,1,40.015334375965679,5.3728936674762632e-296,zero_time_value,0,1,9.0173664127710678e+285
60,0.019178082191780823,0.10000000000000001,put,0,3.9342545967890824e-300,5.3728936674762632e-296,ok,0.10000000000000001,0,1.1844272522412461e-12
60,0.019178082191780823,0.20000000000000001,call,1,40.015334375965679,4.528238518372031e-74,zero_time_value,0,1,1.3418680631151359e+63
60,0.019178082191780823,0.20000000000000001,put,0,2.6353691916813283e-77,4.528238518372031e-74,ok,0.20000000000000001,0,2.9661020697760638e-13
60,0.019178082191780823,0.5,call,1,40.015334375965743,6.236218153364207e-12,ok,0.5014280180588877,0.0028560361177754068,0.63805998190344582
60,0.019178082191780823,0.5,put,0,5.4315064192884185e-14,6.236218153364207e-12,ok,0.49999999999999495,1.0103029524088925e-14,4.8039571452677693e-14
60,0.019178082191780823,1,call,1,40.015621767587561,0.0046899752704015812,ok,1.0000000000006004,6.0040861171728466e-13,1.146575539771308e-10
60,0.019178082191780823,1,put,0,0.00028739162187892305,0.0046899752704015812,ok,0.99999999999999889,1.1102230246251565e-15,1.2573993617193836e-14
60,0.082191780821917804,0.050000000000000003,call,1,40.065604944474934,2.5646778625670657e-277,zero_time_value,0,1,3.5400880934513621e+267
60,0.082191780821917804,0.050000000000000003,put,0,1.0009644628366981e-281,2.5646778625670657e-277,ok,0.050000000000000003,0,1.108233724505225e-12
60,0.082191780821917804,0.10000000000000001,call,1,40.065604944474934,3.6494789100201572e-69,zero_time_value,0,1,3.1207828408129648e+58
60,0.082191780821917804,0.10000000000000001,put,0,1.1315917635767994e-72,3.6494789100201572e-69,ok,0.10000000000000001,0,2.7756205919810877e-13
60,0.082191780821917804,0.20000000000000001,call,1,40.065604944474934,3.9847848289028343e-17,zero_time_value,0,1,362325.39777718944
60,0.082191780821917804,0.20000000000000001,put,0,9.6237203469904086e-20,3.9847848289028343e-17,ok,0.20000000000000001,0,6.9905260792965402e-14
60,0.082191780821917804,0.5,call,1,40.066083554798219,0.014797695112923911,ok,0.49999999999981626,3.6748382115092681e-13,6.8548148022041354e-11
60,0.082191780821917804,0.5,put,0,0.00047861032328726585,0.014797695112923911,ok,0.49999999999999928,1.4432899320127035e-15,1.1814974887359417e-14
60,0.082191780821917804,1,call,1,40.389625206154875,1.7716582168354191,ok,0.99999999999999545,4.5519144009631418e-15,9.1542609317467502e-14
60,0.082191780821917804,1,put,0,0.32402026167994924,1.7716582168354191,ok,1.0000000000000004,4.4408920985006262e-16,3.5817779954497469e-15
60,0.25,0.050000000000000003,call,1,40.198628950597701,5.526544655213066e-92,zero_time_value,0,1,5.4689924348894711e+81
60,0.25,0.050000000000000003,put,0,6.4455860005071824e-96,5.526544655213066e-92,ok,0.050000000000000003,0,3.6718550369984105e-13
60,0.25,0.10000000000000001,call,1,40.198628950597701,1.190075058488968e-22,zero_time_value,0,1,320846409595.5694
60,0.25,0.10000000000000001,put,0,1.088050216942193e-25,1.190075058488968e-22,ok,0.10000000000000001,0,9.2307486640831622e-14
60,0.25,0.20000000000000001,call,1,40.198629124699252,2.5613729379842765e-05,ok,0.2000000002583926,1.2919629255314646e-09,1.9420728453152846e-07
60,0.25,0.20000000000000001,put,0,1.7410154433535924e-07,2.5613729379842765e-05,ok,0.20000000000000001,0,2.3615456204294312e-14
60,0.25,0.5,call,1,40.335628841875554,1.8152996804303361,ok,0.50000000000000366,7.3274719625260332e-15,2.2157230232751724e-13
60,0.25,0.5,put,0,0.13699989127784695,1.8152996804303361,ok,0.50000000000000033,6.6613381477509392e-16,4.4627683916761867e-15
60,0.25,1,call,1,43.160550685740347,8.7518885561872555,ok,1.0000000000000004,4.4408920985006262e-16,9.3667237505175655e-15
60,0.25,1,put,0,2.9619217351426403,8.7518885561872555,ok,1.0000000000000002,2.2204460492503131e-16,1.7579743126911454e-15
60,1,0.050000000000000003,call,1,40.778251362006316,1.0149048968842294e-23,zero_time_value,0,1,7859773239155.9238
60,1,0.050000000000000003,put,0,4.3874671557713418e-27,1.0149048968842294e-23,ok,0.050000000000000003,0,9.4970992308689372e-14
60,1,0.10000000000000001,call,1,40.778251436253441,2.3018247168397978e-05,ok,0.099999999882386587,1.1761341900395905e-09,4.5063410638444403e-07
60,1,0.10000000000000001,put,0,7.4247128488112825e-08,2.3018247168397978e-05,ok,0.10000000000000001,0,2.4278353071417217e-14
60,1,0.20000000000000001,call,1,40.796859157543715,0.89013762384080319,ok,0.20000000000000162,8.0491169285323849e-15,1.6774065967523498e-12
60,1,0.20000000000000001,put,0,0.01860779553739772,0.89013762384080319,ok,0.20000000000000001,0,6.660061311996503e-15
60,1,0.5,call,1,43.530740300787031,16.710163969350727,ok,0.4999999999999995,9.9920072216264089e-16,1.0033196259079017e-14
60,1,0.5,put,0,2.7524889387807239,16.710163969350727,ok,0.49999999999999994,1.1102230246251565e-16,1.7784477716222352e-15
60,1,1,call,1,54.195106361225612,23.21807150136442,ok,1.0000000000000004,4.4408920985006262e-16,2.4678732099923873e-15
60,1,1,put,0,13.416854999219284,23.21807150136442,ok,1.0000000000000002,2.2204460492503131e-16,1.0777000777659133e-15
60,2,0.050000000000000003,call,1,41.513995315620591,2.7924009110920322e-12,zero_time_value,0,1,15.293959766616686
60,2,0.050000000000000003,put,0,2.1955746092112837e-15,2.7924009110920322e-12,ok,0.050000000000000003,0,4.9608455263576039e-14
60,2,0.10000000000000001,call,1,41.514114255036851,0.021272730945961413,ok,0.099999999999779141,2.2086499296136708e-12,2.6977192001463372e-10
60,2,0.10000000000000001,put,0,0.00011893941625844154,0.021272730945961413,ok,0.10000000000000001,0,1.2956615900154919e-14
60,2,0.20000000000000001,call,1,41.717909521601534,6.2406666240210624,ok,0.20000000000000112,5.5511151231257827e-15,1.4403602203089089e-13
60,2,0.20000000000000001,put,0,0.20391420598092935,6.2406666240210624,ok,0.20000000000000001,0,3.8507476513688805e-15
60,2,0.5,call,1,47.842655837243377,29.121698911950222,ok,0.49999999999999978,4.4408920985006262e-16,4.5023672923413789e-15
60,2,0.5,put,0,6.3286605216227834,29.121698911950222,ok,0.49999999999999994,1.1102230246251565e-16,1.3206087413480941e-15
60,2,1,call,1,63.437473980915698,30.311895136265946,ok,1.0000000000000007,6.6613381477509392e-16,1.930030236162205e-15
60,2,1,put,0,21.923478665295086,30.311895136265946,ok,0.99999999999999989,1.1102230246251565e-16,1.0072170174258104e-15
60,5,0.050000000000000003,call,1,43.480463896081076,2.0597467866064609e-05,ok,0.049999999449578489,1.1008430278458547e-08,9.9557627473138029e-07
60,5,0.050000000000000003,put,0,3.1513150102434117e-08,2.0597467866064609e-05,ok,0.050000000000000003,0,2.2398458044931729e-14
60,5,0.10000000000000001,call,1,43.495356448381479,1.4891542935941351,ok,0.10000000000000928,9.2703622556200571e-14,1.9825264759508676e-12
60,5,0.10000000000000001,put,0,0.014892583813527677,1.4891542935941351,ok,0.10000000000000001,0,6.1738936738798498e-15
60,5,0.20000000000000001,call,1,44.697496911050273,23.993139624224618,ok,0.20000000000000018,8.3266726846886741e-16,2.2233967776373927e-14
60,5,0.20000000000000001,put,0,1.2170330464823307,23.993139624224618,ok,0.20000000000000001,0,2.1583942624999696e-15
60,5,0.5,call,1,56.76860199601488,46.064593593189009,ok,0.5,0,2.5329717472955232e-15
60,5,0.5,put,0,13.288138131446949,46.064593593189009,ok,0.5,0,1.0547662906316893e-15
60,5,1,call,1,77.03340495811176,32.24061531317539,ok,1,0,2.1951328354443663e-15
60,5,1,put,0,33.552941093543822,32.24061531317539,ok,1,0,1.2160750934885637e-15
75,0.0027397260273972603,0.050000000000000003,call,1,25.00342444174052,0,zero_time_value,0,1,inf
75,0.0027397260273972603,0.050000000000000003,put,0,0,0,zero_time_value,0,1,-nan
75,0.0027397260273972603,0.10000000000000001,call,1,25.00342444174052,0,zero_time_value,0,1,inf
75,0.0027397260273972603,0.10000000000000001,put,0,0,0,zero_time_value,0,1,-nan
75,0.0027397260273972603,0.20000000000000001,call,1,25.00342444174052,1.6088608652562156e-164,zero_time_value,0,1,9.1384226212469273e+153
75,0.0027397260273972603,0.20000000000000001,put,0,4.242364232376946e-168,1.6088608652562156e-164,ok,0.20000000000000001,0,1.1666698320906809e-12
75,0.0027397260273972603,0.5,call,1,25.00342444174052,1.0212073233370619e-26,zero_time_value,0,1,929648828928848.25
75,0.0027397260273972603,0.5,put,0,4.1234273835909514e-29,1.0212073233370619e-26,ok,0.49999999999998673,2.6534330288541241e-14,1.8724742960740365e-13
75,0.0027397260273972603,1,call,1,25.003424456732233,4.9555503845049386e-07,ok,0.99999999533577011,4.6642298912047409e-09,2.470476808270672e-06
75,0.0027397260273972603,1,put,0,1.4991715071476006e-08,4.9555503845049386e-07,ok,1.000000000000004,3.9968028886505635e-15,4.7380407440133745e-14
75,0.019178082191780823,0.050000000000000003,call,1,25.023962030785881,0,zero_time_value,0,1,inf
75,0.019178082191780823,0.050000000000000003,put,0,0,0,zero_time_value,0,1,-nan
75,0.019178082191780823,0.10000000000000001,call,1,25.023962030785881,5.2727718312854073e-94,zero_time_value,0,1,3.1970786156331866e+83
75,0.019178082191780823,0.10000000000000001,put,0,1.2102474502415027e-97,5.2727718312854073e-94,ok,0.10000000000000001,0,6.6771938339904608e-13
75,0.019178082191780823,0.20000000000000001,call,1,25.023962030785881,1.5496307749555453e-23,zero_time_value,0,1,1371907023208.467
75,0.019178082191780823,0.20000000000000001,put,0,2.7891032600979903e-26,1.5496307749555453e-23,ok,0.20000000000000001,0,1.6745151042860658e-13
75,0.019178082191780823,0.5,call,1,25.023982824102134,0.00083389493251547961,ok,0.49999999999733302,5.3339554995091021e-12,1.7325110696638204e-09
75,0.019178082191780823,0.5,put,0,2.0793316255043274e-05,0.00083389493251547961,ok,0.4999999999999975,4.9960036108132044e-15,2.7463303459957628e-14
75,0.019178082191780823,1,call,1,25.105714665348131,0.54835185442517764,ok,0.99999999999998157,1.8429702208777599e-14,3.9093652535791663e-13
75,0.019178082191780823,1,put,0,0.081752634562260562,0.54835185442517764,ok,1,0,7.5989071537589632e-15
75,0.082191780821917804,0.050000000000000003,call,1,25.102545683751146,3.4068518943337885e-88,zero_time_value,0,1,9.3083106050270826e+77
75,0.082191780821917804,0.050000000000000003,put,0,4.1509351718869372e-92,3.4068518943337885e-88,ok,0.050000000000000003,0,6.2597366901134596e-13
75,0.082191780821917804,0.10000000000000001,call,1,25.102545683751146,7.5753415874254715e-22,zero_time_value,0,1,52823095335.018837
75,0.082191780821917804,0.10000000000000001,put,0,7.2289916693107263e-25,7.5753415874254715e-22,ok,0.10000000000000001,0,1.5701625464689141e-13
75,0.082191780821917804,0.20000000000000001,call,1,25.102545890622423,2.9244147841547344e-05,ok,0.1999999997546624,1.2266880566880189e-09,1.774594580395613e-07
75,0.082191780821917804,0.20000000000000001,put,0,2.0687128461633516e-07,2.9244147841547344e-05,ok,0.20000000000000001,0,3.9832403649147778e-14
75,0.082191780821917804,0.5,call,1,25.202503342467054,1.2864642908870625,ok,0.49999999999999079,1.8429702208777599e-14,3.1706464166446333e-13
75,0.082191780821917804,0.5,put,0,0.099957658715920106,1.2864642908870625,ok,0.50000000000000011,2.2204460492503131e-16,7.1866516031099838e-15
75,0.082191780821917804,1,call,1,27.118603938829771,5.881960624138161,ok,1.0000000000000016,1.5543122344752192e-15,1.3215344696073262e-14
75,0.082191780821917804,1,put,0,2.0160582550786152,5.881960624138161,ok,1,0,2.5869205411262998e-15
75,0.25,0.050000000000000003,call,1,25.310708128310623,2.9709940093079663e-29,zero_time_value,0,1,3.602309414608641e+18
75,0.25,0.050000000000000003,put,0,1.0609280908275081e-32,2.9709940093079663e-29,ok,0.050000000000000003,0,2.0864776858940428e-13
75,0.25,0.10000000000000001,call,1,25.310708129989237,6.2305678730767028e-07,ok,0.10000001603370268,1.6033702671114369e-07,2.2073851855482933e-05
75,0.25,0.10000000000000001,put,0,1.6786045907338444e-09,6.2305678730767028e-07,ok,0.10000000000000001,0,5.2722460614157403e-14
75,0.25,0.20000000000000001,call,1,25.314957946471807,0.23689308903641601,ok,0.19999999999997392,1.3045120539345589e-13,8.0370851536352113e-12
75,0.25,0.20000000000000001,put,0,0.0042498181611907437,0.23689308903641601,ok,0.20000000000000001,0,1.3845664360470851e-14
75,0.25,0.5,call,1,26.586998659379404,8.5945524948003893,ok,0.49999999999999972,5.5511151231257827e-16,2.1463663031536451e-14
75,0.25,0.5,put,0,1.2762905310687849,8.5945524948003893,ok,0.50000000000000011,2.2204460492503131e-16,3.0921565518720718e-15
75,0.25,1,call,1,32.629485025505403,14.036594959450559,ok,0.999999999999999,9.9920072216264089e-16,3.6228198489137606e-15
75,0.25,1,put,0,7.3187768971947911,14.036594959450559,ok,0.99999999999999967,3.3306690738754696e-16,1.4996602334183159e-15
75,1,0.050000000000000003,call,1,26.221568359027501,2.0269297826958602e-07,ok,0.049999946591685572,1.0681662886147247e-06,0.00014744875739069067
75,1,0.050000000000000003,put,0,2.4881446962530574e-10,2.0269297826958602e-07,ok,0.050000000000000003,0,5.5378322016641499e-14
75,1,0.10000000000000001,call,1,26.224032313785287,0.29752046428380474,ok,0.09999999999996699,3.3015257194790593e-13,1.3803005211153778e-11
75,1,0.10000000000000001,put,0,0.0024639550065997523,0.29752046428380474,ok,0.10000000000000001,0,1.4491514157446699e-14
75,1,0.20000000000000001,call,1,26.675494076876646,10.319521525853949,ok,0.2000000000000007,3.4694469519536142e-15,6.4159450393015551e-14
75,1,0.20000000000000001,put,0,0.45392571809794191,10.319521525853949,ok,0.20000000000000001,0,4.378807007926134e-15
75,1,0.5,call,1,33.086309966470388,27.161597012868423,ok,0.50000000000000033,6.6613381477509392e-16,3.8426990993309932e-15
75,1,0.5,put,0,6.8647416076916805,27.161597012868423,ok,0.49999999999999994,1.1102230246251565e-16,1.5134378506804732e-15
75,1,1,call,1,47.408170374546543,28.504343743206899,ok,1.0000000000000002,2.2204460492503131e-16,1.6262243146945158e-15
75,1,1,put,0,21.186602015767843,28.504343743206899,ok,1.0000000000000002,2.2204460492503131e-16,1.029050208212511e-15
75,2,0.050000000000000003,call,1,27.387529411563833,0.0010187133660188078,ok,0.049999999997745528,4.5089487699101483e-11,1.6765684236522298e-08
75,2,0.050000000000000003,put,0,2.0997069634860245e-06,0.0010187133660188078,ok,0.050000000000000003,0,2.9854574608818856e-14
75,2,0.10000000000000001,call,1,27.428425139033664,3.1965614707420729,ok,0.099999999999998382,1.6237011735142914e-14,7.7738559026570096e-13
75,2,0.10000000000000001,put,0,0.040897827176797685,3.1965614707420729,ok,0.10000000000000001,0,8.1469092973207852e-15
75,2,0.20000000000000001,call,1,28.814629444414294,23.756758966306535,ok,0.19999999999999982,9.7144514654701197e-16,1.8857524426152476e-14
75,2,0.20000000000000001,put,0,1.4271021325574242,23.756758966306535,ok,0.20000000000000001,0,2.7871271605822094e-15
75,2,0.5,call,1,39.326717898477611,39.610279433587927,ok,0.5,0,2.3931689067823535e-15
75,2,0.5,put,0,11.93919058662074,39.610279433587927,ok,0.5,0,1.2037664390776456e-15
75,2,1,call,1,58.5647381165642,35.591979647866211,ok,1,0,1.4354425456926172e-15
75,2,1,put,0,31.177210804707325,35.591979647866211,ok,1,0,9.8814111678919226e-16
75,5,0.050000000000000003,call,1,30.570426117776123,0.17095609680987109,ok,0.050000000000000204,4.0245584642661925e-15,5.5627939874559959e-11
75,5,0.050000000000000003,put,0,0.00058189958404848349,0.17095609680987109,ok,0.050000000000000003,0,1.4545271662509648e-14
75,5,0.10000000000000001,call,1,30.863449477032248,15.454275242179863,ok,0.10000000000000001,0,9.7210111316697281e-14
75,5,0.10000000000000001,put,0,0.29360525884017363,15.454275242179863,ok,0.10000000000000001,0,4.319423671011182e-15
75,5,0.20000000000000001,call,1,34.252035017321795,46.822605018370318,ok,0.19999999999999982,9.7144514654701197e-16,6.95906135516969e-15
75,5,0.20000000000000001,put,0,3.682190799129728,46.822605018370318,ok,0.20000000000000001,0,1.7734851870054649e-15
75,5,0.5,call,1,50.909369441535617,56.30259447124017,ok,0.50000000000000022,4.4408920985006262e-16,1.7241192450649588e-15
75,5,0.5,put,0,20.339525223343539,56.30259447124017,ok,0.50000000000000022,4.4408920985006262e-16,1.012701280364299e-15
75,5,1,call,1,74.644150229746799,36.858263256797677,ok,1.0000000000000002,2.2204460492503131e-16,1.7794149884997224e-15
75,5,1,put,0,44.074306011554711,36.858263256797677,ok,1.0000000000000002,2.2204460492503131e-16,1.2308645636306114e-15
90,0.0027397260273972603,0.050000000000000003,call,1,10.004657267788062,0,zero_time_value,0,1,inf
90,0.0027397260273972603,0.050000000000000003,put,0,0,0,zero_time_value,0,1,-nan
90,0.0027397260273972603,0.10000000000000001,call,1,10.004657267788062,1.6652222823073468e-88,zero_time_value,0,1,1.0303403278595962e+78
90,0.0027397260273972603,0.10000000000000001,put,0,4.0755575830397903e-92,1.6652222823073468e-88,ok,0.10000000000000001,0,1.7093893411652693e-12
90,0.0027397260273972603,0.20000000000000001,call,1,10.004657267788062,1.8967421462999476e-22,zero_time_value,0,1,113993888054.42899
90,0.0027397260273972603,0.20000000000000001,put,0,3.6355185036875851e-25,1.8967421462999476e-22,ok,0.20000000000000001,0,4.2791655213940066e-13
90,0.0027397260273972603,0.5,call,1,10.004672935898711,0.00059403004718304702,ok,0.50000000000383649,7.6729733677893819e-12,2.4613333162882124e-09
90,0.0027397260273972603,0.5,put,0,1.5668110646628944e-05,0.00059403004718304702,ok,0.49999999999999084,1.8318679906315083e-14,6.937717333526475e-14
90,0.0027397260273972603,1,call,1,10.045255021814725,0.26059044437195505,ok,1.0000000000000409,4.0856207306205761e-14,8.1754217963434715e-13
90,0.0027397260273972603,1,put,0,0.040597754026652666,0.26059044437195505,ok,0.99999999999999867,1.3322676295501878e-15,1.858268295316714e-14
90,0.019178082191780823,0.050000000000000003,call,1,10.032589685606098,1.1913889455568176e-50,zero_time_value,0,1,1.6589344245501878e+40
90,0.019178082191780823,0.050000000000000003,put,0,2.5220387279130399e-54,1.1913889455568176e-50,ok,0.050000000000000003,0,9.8014680474104605e-13
90,0.019178082191780823,0.10000000000000001,call,1,10.032589685606098,1.1440740322654626e-12,zero_time_value,0,1,21.899992239551384
90,0.019178082191780823,0.10000000000000001,put,0,1.8690105359611212e-15,1.1440740322654626e-12,ok,0.10000000000000001,0,2.45651980554729e-13
90,0.019178082191780823,0.20000000000000001,call,1,10.032631117820628,0.0035811704098943028,ok,0.199999999997792,1.1040057756872557e-11,9.2332633220835939e-10
90,0.019178082191780823,0.20000000000000001,put,0,4.1432214538241439e-05,0.0035811704098943028,ok,0.20000000000000001,0,6.2272893663770019e-14
90,0.019178082191780823,0.5,call,1,10.213347402388237,1.6314543971577449,ok,0.50000000000000133,2.6645352591003757e-15,1.6677890910612732e-13
90,0.019178082191780823,0.5,put,0,0.18075771678213481,1.6314543971577449,ok,0.50000000000000011,2.2204460492503131e-16,1.1467596525427486e-14
90,0.019178082191780823,1,call,1,11.712787731383358,3.9049743433812587,ok,1.0000000000000031,3.1086244689504383e-15,1.4451661449794543e-14
90,0.019178082191780823,1,put,0,1.6801980457772494,3.9049743433812587,ok,1.0000000000000004,4.4408920985006262e-16,4.2827671526111017e-15
90,0.082191780821917804,0.050000000000000003,call,1,10.139486423027364,8.602507851748616e-12,zero_time_value,0,1,5.5652136178908815
90,0.082191780821917804,0.050000000000000003,put,0,7.3366649259272085e-15,8.602507851748616e-12,ok,0.050000000000000003,0,2.3205519947024578e-13
90,0.082191780821917804,0.10000000000000001,call,1,10.139547902037307,0.010224995935214138,ok,0.099999999999450195,5.4981019736999315e-12,6.1941775010157356e-10
90,0.082191780821917804,0.10000000000000001,put,0,6.1479009948992719e-05,0.010224995935214138,ok,0.10000000000000001,0,5.8880737023124085e-14
90,0.082191780821917804,0.20000000000000001,call,1,10.204977658476494,1.8980041988100296,ok,0.1999999999999951,2.4563684419831588e-14,4.9382485970118642e-13
90,0.082191780821917804,0.20000000000000001,put,0,0.065491235449142149,1.8980041988100296,ok,0.20000000000000001,0,1.5988770671723553e-14
90,0.082191780821917804,0.5,call,1,11.928497615236978,8.177398660691285,ok,0.5,0,1.3513838412843977e-14
90,0.082191780821917804,0.5,put,0,1.7890111922096139,8.177398660691285,ok,0.5,0,4.1278025279105671e-15
90,0.082191780821917804,1,call,1,16.619230586470337,10.00044760700451,ok,0.99999999999999878,1.2212453270876722e-15,3.674040793912948e-15
90,0.082191780821917804,1,put,0,6.4797441634429767,10.00044760700451,ok,0.99999999999999944,5.5511151231257827e-16,2.1059518939699897e-15
90,0.25,0.050000000000000003,call,1,10.422789787883687,0.0011046478930508477,ok,0.049999999998672995,2.6540158959420523e-11,1.5656762433677788e-08
90,0.25,0.050000000000000003,put,0,2.4818601375380502e-06,0.0011046478930508477,ok,0.050000000000000003,0,7.9382741729333806e-14
90,0.25,0.10000000000000001,call,1,10.445378289706383,1.6474078146536459,ok,0.10000000000000966,9.6589403142388619e-14,1.5041370673281519e-12
90,0.25,0.10000000000000001,put,0,0.022590983682815979,1.6474078146536459,ok,0.10000000000000001,0,2.0996910310107264e-14
90,0.25,0.20000000000000001,call,1,11.065392023414148,10.228541956726287,ok,0.20000000000000001,0,4.1618989865916879e-14
90,0.25,0.20000000000000001,put,0,0.64260471739059888,10.228541956726287,ok,0.20000000000000001,0,6.6597976462430581e-15
90,0.25,0.5,call,1,15.511695522679176,16.948107354059061,ok,0.49999999999999961,7.7715611723760958e-16,4.6183139859788036e-15
90,0.25,0.5,put,0,5.0889082166556321,16.948107354059061,ok,0.50000000000000011,2.2204460492503131e-16,2.3698057222348636e-15
90,0.25,1,call,1,24.317433694428431,17.810627461991682,ok,1.0000000000000004,4.4408920985006262e-16,1.9210110566311729e-15
90,0.25,1,put,0,13.894646388404873,17.810627461991682,ok,0.99999999999999989,1.1102230246251565e-16,1.402616968786332e-15
90,1,0.050000000000000003,call,1,11.673995133150385,1.6002936085513462,ok,0.050000000000006241,1.2476131239225197e-13,3.8098669604552665e-12
90,1,0.050000000000000003,put,0,0.0091097775993103092,1.6002936085513462,ok,0.050000000000000003,0,2.3491472498475002e-14
90,1,0.10000000000000001,call,1,12.131362271858762,16.886904681676878,ok,0.10000000000000021,2.0816681711721685e-15,5.9437855850348332e-14
90,1,0.10000000000000001,put,0,0.4664769163076965,16.886904681676878,ok,0.10000000000000001,0,7.1475999058687651e-15
90,1,0.20000000000000001,call,1,14.659179809310572,30.32919132742181,ok,0.19999999999999982,9.7144514654701197e-16,7.8906987813738979e-15
90,1,0.20000000000000001,put,0,2.9942944537595189,30.32919132742181,ok,0.20000000000000001,0,2.9779918881332523e-15
90,1,0.5,call,1,24.788185002357785,34.843648816963885,ok,0.50000000000000011,2.2204460492503131e-16,2.0102482268424882e-15
90,1,0.5,put,0,13.123299646806714,34.843648816963885,ok,0.5,0,1.4043109134436362e-15
90,1,1,call,1,41.767525343409929,32.482249324963846,ok,1.0000000000000007,6.6613381477509392e-16,1.2071815802981842e-15
90,1,1,put,0,30.102639987858854,32.482249324963846,ok,1.0000000000000002,2.2204460492503131e-16,1.0089040953964341e-15
90,2,0.050000000000000003,call,1,13.308111966865511,6.2123051950876151,ok,0.050000000000001335,2.6645352591003757e-14,6.8826976179035802e-13
90,2,0.050000000000000003,put,0,0.047052658772364087,6.2123051950876151,ok,0.050000000000000003,0,1.4151742590696009e-14
90,2,0.10000000000000001,call,1,14.277629148312997,30.246576285498158,ok,0.099999999999999964,4.163336342344337e-16,2.5350224557951452e-14
90,2,0.10000000000000001,put,0,1.0165698402198604,30.246576285498158,ok,0.10000000000000001,0,4.7054227429314128e-15
90,2,0.20000000000000001,call,1,18.224922284910036,44.614748502850041,ok,0.20000000000000015,6.9388939039072284e-16,4.7612229763847293e-15
90,2,0.20000000000000001,put,0,4.9638629768168947,44.614748502850041,ok,0.20000000000000001,0,2.1846998003859402e-15
90,2,0.5,call,1,32.392630503338253,47.299290988922493,ok,0.50000000000000011,2.2204460492503131e-16,1.5429411178322964e-15
90,2,0.5,put,0,19.131571195245112,47.299290988922493,ok,0.50000000000000011,2.2204460492503131e-16,1.1537274064931717e-15
90,2,1,call,1,54.410135935059671,39.838849940977397,ok,1,0,1.1510506381671278e-15
90,2,1,put,0,41.149076626966526,39.838849940977397,ok,1,0,9.7997887518369771e-16
90,5,0.050000000000000003,call,1,17.783893190931479,14.151069376174762,ok,0.049999999999999975,5.5511151231257827e-16,2.4023856274157326e-13
90,5,0.050000000000000003,put,0,0.12466861911528593,14.151069376174762,ok,0.050000000000000003,0,8.3894686090791521e-15
90,5,0.10000000000000001,call,1,19.515629879061294,49.913471549766051,ok,0.099999999999999881,1.2490009027033011e-15,1.3235706425740972e-14
90,5,0.10000000000000001,put,0,1.8564053072450992,49.913471549766051,ok,0.10000000000000001,0,3.0345209326365586e-15
90,5,0.20000000000000001,call,1,25.647174887746814,67.21107212308506,ok,0.20000000000000009,4.163336342344337e-16,3.068804005303456e-15
90,5,0.20000000000000001,put,0,7.9879503159306147,67.21107212308506,ok,0.20000000000000001,0,1.5552951755463031e-15
90,5,0.5,call,1,45.956415826047554,64.402417718287907,ok,0.49999999999999983,3.3306690738754696e-16,1.3000332250165765e-15
90,5,0.5,put,0,28.297191254231368,64.402417718287907,ok,0.49999999999999983,3.3306690738754696e-16,9.9057901632560028e-16
90,5,1,call,1,72.553008898146729,40.815138613245068,ok,0.99999999999999967,3.3306690738754696e-16,1.5109940634446055e-15
90,5,1,put,0,54.893784326330533,40.815138613245068,ok,0.99999999999999967,3.3306690738754696e-16,1.2463887793246747e-15
100,0.0027397260273972603,0.050000000000000003,call,1,0.10716467380213146,2.0875855255459994,ok,0.049999999999994639,1.0727529975440575e-13,2.1659928217346685e-13
100,0.0027397260273972603,0.050000000000000003,put,0,0.10168552198236824,2.0875855255459994,ok,0.050000000000000003,0,2.0948928758543704e-13
100,0.0027397260273972603,0.10000000000000001,call,1,0.21155527046487776,2.0879233556730661,ok,0.10000000000000001,0,1.0746990101121625e-13
100,0.0027397260273972603,0.10000000000000001,put,0,0.20607611864510744,2.0879233556730661,ok,0.10000000000000001,0,1.0569316292901507e-13
100,0.0027397260273972603,0.20000000000000001,call,1,0.4203523730423484,2.0879877104668889,ok,0.19999999999999757,1.2212453270876722e-14,5.3618948720840928e-14
100,0.0027397260273972603,0.20000000000000001,put,0,0.41487322122258519,2.0879877104668889,ok,0.20000000000000001,0,5.31747946191099e-14
100,0.0027397260273972603,0.5,call,1,1.0467345281737934,2.0878615769370814,ok,0.50000000000000033,6.6613381477509392e-16,2.1531371613880339e-14
100,0.0027397260273972603,0.5,put,0,1.041255376354016,2.0878615769370814,ok,0.49999999999999944,1.1102230246251565e-15,2.1460288694412166e-14
100,0.0027397260273972603,1,call,1,2.0905473000244186,2.0873288112075681,ok,1.0000000000000036,3.5527136788005009e-15,1.0875976097255205e-14
100,0.0027397260273972603,1,put,0,2.0850681482046483,2.0873288112075681,ok,1.0000000000000036,3.5527136788005009e-15,1.085818718409634e-14
100,0.019178082191780823,0.050000000000000003,call,1,0.29572530513134865,5.5141319877073247,ok,0.050000000000000003,0,8.4575305991182205e-14
100,0.019178082191780823,0.050000000000000003,put,0,0.25738384964511596,5.5141319877073247,ok,0.050000000000000003,0,7.7437882198329236e-14
100,0.019178082191780823,0.10000000000000001,call,1,0.57164129490799809,5.5203814139357084,ok,0.10000000000000001,0,4.1367019810384683e-14
100,0.019178082191780823,0.10000000000000001,put,0,0.5332998394217654,5.5203814139357084,ok,0.10000000000000001,0,3.9587993618816604e-14
100,0.019178082191780823,0.20000000000000001,call,1,1.1237676695916363,5.521572583626031,ok,0.20000000000000001,0,2.0559032288168582e-14
100,0.019178082191780823,0.20000000000000001,put,0,1.0854262141054036,5.521572583626031,ok,0.20000000000000001,0,2.0114488745535625e-14
100,0.019178082191780823,0.5,call,1,2.7799773933091316,5.5192381327922169,ok,0.50000000000000078,1.5543122344752192e-15,8.3137640751308922e-15
100,0.019178082191780823,0.5,put,0,2.7416359378228918,5.5192381327922169,ok,0.49999999999999878,2.4424906541753444e-15,8.2425091308336738e-15
100,0.019178082191780823,1,call,1,5.5374136882610401,5.5093871557964036,ok,0.99999999999999867,1.3322676295501878e-15,4.2806578588365406e-15
100,0.019178082191780823,1,put,0,5.4990722327748145,5.5093871557964036,ok,1.0000000000000002,2.2204460492503131e-16,4.2627163804566935e-15
100,0.082191780821917804,0.050000000000000003,call,1,0.65672863367598922,11.343408244555272,ok,0.050000000000000003,0,4.3509040281149388e-14
100,0.082191780821917804,0.050000000000000003,put,0,0.49261505113114623,11.343408244555272,ok,0.050000000000000003,0,3.6266060058563521e-14
100,0.082191780821917804,0.10000000000000001,call,1,1.2257477935450041,11.398608150262255,ok,0.10000000000000046,4.5796699765787707e-15,2.0663838739726673e-14
100,0.082191780821917804,0.10000000000000001,put,0,1.061634211000154,11.398608150262255,ok,0.10000000000000001,0,1.8876031089838975e-14
100,0.082191780821917804,0.20000000000000001,call,1,2.3663896392418877,11.409152833527431,ok,0.19999999999999957,2.2204460492503131e-15,1.0192009189760066e-14
100,0.082191780821917804,0.20000000000000001,put,0,2.2022760566970518,11.409152833527431,ok,0.20000000000000001,0,9.7459713662549418e-15
100,0.082191780821917804,0.5,call,1,5.7868158850544873,11.388494423208815,ok,0.49999999999999978,4.4408920985006262e-16,4.1779645024940474e-15
100,0.082191780821917804,0.5,put,0,5.6227023025096514,11.388494423208815,ok,0.50000000000000011,2.2204460492503131e-16,4.1060477519537648e-15
100,0.082191780821917804,1,call,1,11.461796156835497,11.301635166481597,ok,0.999999999999999,9.9920072216264089e-16,2.2363909320104379e-15
100,0.082191780821917804,1,put,0,11.297682574290654,11.301635166481597,ok,0.999999999999999,9.9920072216264089e-16,2.2178566840666481e-15
100,0.25,0.050000000000000003,call,1,1.2608922033061845,19.4530981874716,ok,0.050000000000000003,0,2.7726335182760022e-14
100,0.25,0.050000000000000003,put,0,0.76338544547401455,19.4530981874716,ok,0.050000000000000003,0,2.0199047860379558e-14
100,0.25,0.10000000000000001,call,1,2.2432280504484865,19.742466434498798,ok,0.10000000000000027,2.6367796834847468e-15,1.2493535664976811e-14
100,0.25,0.10000000000000001,put,0,1.7457212926163095,19.742466434498798,ok,0.10000000000000001,0,1.0682262150006027e-14
100,0.25,0.20000000000000001,call,1,4.2215925831335213,19.798070277597265,ok,0.20000000000000001,0,6.0826388020396914e-15
100,0.25,0.20000000000000001,put,0,3.7240858253013513,19.798070277597265,ok,0.20000000000000001,0,5.6326106052741541e-15
100,0.25,0.5,call,1,10.148784442625036,19.689233671694339,ok,0.49999999999999989,2.2204460492503131e-16,2.5503290996621691e-15
100,0.25,0.5,put,0,9.6512776847928734,19.689233671694339,ok,0.49999999999999989,2.2204460492503131e-16,2.4766314434844112e-15
100,0.25,1,call,1,19.892581770156895,19.236018251280449,ok,0.99999999999999978,2.2204460492503131e-16,1.4583384577794554e-15
100,0.25,1,put,0,19.395075012324725,19.236018251280449,ok,0.99999999999999978,2.2204460492503131e-16,1.4381630797196571e-15
100,1,0.050000000000000003,call,1,3.0896400617782831,36.086511497317851,ok,0.049999999999999947,1.1102230246251565e-15,1.8892480555617455e-14
100,1,0.050000000000000003,put,0,1.1292100417123052,36.086511497317851,ok,0.050000000000000003,0,1.0035748950599887e-14
100,1,0.10000000000000001,call,1,4.967060815152891,38.282070475676477,ok,0.10000000000000001,0,7.2218531060116682e-15
100,1,0.10000000000000001,put,0,3.006630795086906,38.282070475676477,ok,0.10000000000000001,0,5.304256544410028e-15
100,1,0.20000000000000001,call,1,8.8273212253521223,38.715175415922687,ok,0.20000000000000001,0,3.3795415610581301e-15
100,1,0.20000000000000001,put,0,6.8668912052861373,38.715175415922687,ok,0.20000000000000001,0,2.9114811987084796e-15
100,1,0.5,call,1,20.346703000730948,37.870848709146237,ok,0.50000000000000011,2.2204460492503131e-16,1.5091908274211851e-15
100,1,0.5,put,0,18.386272980664955,37.870848709146237,ok,0.49999999999999994,1.1102230246251565e-16,1.4271985570335886e-15
100,1,1,call,1,38.523243550730214,34.502495431985253,ok,1.0000000000000004,4.4408920985006262e-16,1.0378292909694425e-15
100,1,1,put,0,36.562813530664229,34.502495431985253,ok,1.0000000000000004,4.4408920985006262e-16,1.0091215163986475e-15
100,2,0.050000000000000003,call,1,5.0542212714855026,46.1630753215005,ok,0.049999999999999628,7.4940054162198066e-15,1.8200361591694899e-14
100,2,0.050000000000000003,put,0,1.2108072992348546,46.1630753215005,ok,0.050000000000000003,0,7.4122923553846722e-15
100,2,0.10000000000000001,call,1,7.5538126544866842,51.951222165044129,ok,0.10000000000000001,0,5.8743454340562413e-15
100,2,0.10000000000000001,put,0,3.7103986822360255,51.951222165044129,ok,0.10000000000000001,0,3.8112348527241238e-15
100,2,0.20000000000000001,call,1,12.836346110429837,53.133374000294424,ok,0.1999999999999999,5.5511151231257827e-16,2.6369622009956207e-15
100,2,0.20000000000000001,put,0,8.9929321381791851,53.133374000294424,ok,0.20000000000000001,0,2.1443490891647367e-15
100,2,0.5,call,1,28.516893248989277,50.841108158447369,ok,0.49999999999999967,6.6613381477509392e-16,1.2496030757623444e-15
100,2,0.5,put,0,24.673479276738625,50.841108158447369,ok,0.49999999999999989,2.2204460492503131e-16,1.1556662639676445e-15
100,2,1,call,1,51.95767364114451,42.199367934037681,ok,1.0000000000000002,2.2204460492503131e-16,1.0229479525639488e-15
100,2,1,put,0,48.114259668893837,42.199367934037681,ok,0.99999999999999933,6.6613381477509392e-16,9.7934993507156156e-16
100,5,0.050000000000000003,call,1,10.077583112894075,54.021823780342523,ok,0.050000000000000121,2.3592239273284576e-15,2.3320165977836502e-14
100,5,0.050000000000000003,put,0,1.0254383053284428,54.021823780342523,ok,0.050000000000000003,0,5.4712090805275998e-15
100,5,0.10000000000000001,call,1,13.380271583478148,72.580813424262331,ok,0.099999999999999853,1.5265566588595902e-15,5.1231373017206598e-15
100,5,0.10000000000000001,put,0,4.3281267759125264,72.580813424262331,ok,0.10000000000000001,0,2.5964192565896327e-15
100,5,0.20000000000000001,call,1,20.948056950474935,76.780492885249842,ok,0.20000000000000012,5.5511151231257827e-16,2.0789974632356993e-15
100,5,0.20000000000000001,put,0,11.895912142909307,76.780492885249842,ok,0.20000000000000001,0,1.5091006677767489e-15
100,5,0.5,call,1,43.063563508812436,68.765392954162863,ok,0.50000000000000011,2.2204460492503131e-16,1.1213680373065818e-15
100,5,0.5,put,0,34.011418701246811,68.765392954162863,ok,0.50000000000000011,2.2204460492503131e-16,9.8492669037511146e-16
100,5,1,call,1,71.28911947425263,43.16157401393157,ok,0.99999999999999911,8.8817841970012523e-16,1.379497882610766e-15
100,5,1,put,0,62.236974666687011,43.16157401393157,ok,1.0000000000000002,2.2204460492503131e-16,1.2570098283260428e-15
110,0.0027397260273972603,0.050000000000000003,call,0,1.785697600906446e-292,4.7418821339038492e-288,ok,0.050000000000000003,0,6.176748584611982e-12
110,0.0027397260273972603,0.050000000000000003,put,1,9.9936989641485354,4.7418821339038492e-288,zero_time_value,0,1,2.6073854773985793e+278
110,0.0027397260273972603,0.10000000000000001,call,0,7.9496548924819141e-76,2.6565220726693489e-72,ok,0.10000000000000001,0,1.5447114639125285e-12
110,0.0027397260273972603,0.10000000000000001,put,1,9.9936989641485354,2.6565220726693489e-72,zero_time_value,0,1,5.8321347574908677e+61
110,0.0027397260273972603,0.20000000000000001,call,0,5.3616648887875342e-21,2.2982639992663461e-18,ok,0.20000000000000001,0,3.867710563469909e-13
110,0.0027397260273972603,0.20000000000000001,put,1,9.9936989641485354,2.2982639992663461e-18,zero_time_value,0,1,8509903.6222062074
110,0.0027397260273972603,0.5,call,0,9.1265332935434526e-05,0.0029090698277326335,ok,0.49999999999999678,6.4392935428259079e-15,6.2894783414969665e-14
110,0.0027397260273972603,0.5,put,1,9.9937902294814762,0.0029090698277326335,ok,0.50000000000184364,3.6872727093850699e-12,4.5971422832622596e-10
110,0.0027397260273972603,1,call,0,0.074513996825711803,0.41795183429984645,ok,0.99999999999999822,1.7763568394002505e-15,1.7109876737883271e-14
110,0.0027397260273972603,1,put,1,10.06821296097425,0.41795183429984645,ok,1.0000000000000036,3.5527136788005009e-15,4.750688613479167e-13
110,0.019178082191780823,0.050000000000000003,call,0,2.3400651340498852e-44,8.9350341638398618e-41,ok,0.050000000000000003,0,8.7996352669921693e-13
110,0.019178082191780823,0.050000000000000003,put,1,9.9559067746336325,8.9350341638398618e-41,zero_time_value,0,1,1.9723154930969995e+30
110,0.019178082191780823,0.10000000000000001,call,0,7.2781142275600069e-13,3.629912087160221e-10,ok,0.10000000000000001,0,2.2064760018613811e-13
110,0.019178082191780823,0.10000000000000001,put,1,9.955906774634343,3.629912087160221e-10,ok,0.099951886685288011,0.00048113314711994981,0.061740259775596613
110,0.019178082191780823,0.20000000000000001,call,0,0.00022618106670482113,0.016295466506837341,ok,0.20000000000000001,0,5.612988300692982e-14
110,0.019178082191780823,0.20000000000000001,put,1,9.9561329557003404,0.016295466506837341,ok,0.20000000000019047,9.5229379937222802e-13,1.8360411807876135e-10
110,0.019178082191780823,0.5,call,0,0.28357765791527889,2.261854697754381,ok,0.49999999999999906,1.8873791418627661e-15,1.0654910467490025e-14
110,0.019178082191780823,0.5,put,1,10.23948443254892,2.261854697754381,ok,0.50000000000000233,4.6629367034256575e-15,1.1242723269931951e-13
110,0.019178082191780823,1,call,0,2.1231277406649838,4.5684822467621302,ok,1.0000000000000002,2.2204460492503131e-16,4.1616256204355677e-15
110,0.019178082191780823,1,put,1,12.079034515298616,4.5684822467621302,ok,1.0000000000000002,2.2204460492503131e-16,1.229652619153984e-14
110,0.082191780821917804,0.050000000000000003,call,0,7.0302302499377056e-12,6.4081156555133927e-09,ok,0.050000000000000003,0,2.0328715266695038e-13
110,0.082191780821917804,0.050000000000000003,put,1,9.811259257944684,6.4081156555133927e-09,ok,0.049998427809149003,3.1443817019999321e-05,0.0063622659993456459
110,0.082191780821917804,0.10000000000000001,call,0,0.00043257225153503498,0.057593142490973942,ok,0.10000000000000001,0,5.1827108658631987e-14
110,0.082191780821917804,0.10000000000000001,put,1,9.8116918301892042,0.057593142490973942,ok,0.10000000000009152,9.1510132804728528e-13,9.5067423193144456e-11
110,0.082191780821917804,0.20000000000000001,call,0,0.12882298750466248,3.1525021591990896,ok,0.20000000000000001,0,1.4420297479267723e-14
110,0.082191780821917804,0.20000000000000001,put,1,9.9400822454423121,3.1525021591990896,ok,0.19999999999999513,2.4424906541753444e-14,2.6385717453201983e-13
110,0.082191780821917804,0.5,call,0,2.315525563525437,9.6488501210371265,ok,0.5,0,3.9938694516248733e-15
110,0.082191780821917804,0.5,put,1,12.126784821463104,9.6488501210371265,ok,0.50000000000000033,6.6613381477509392e-16,1.1172449842715566e-14
110,0.082191780821917804,1,call,0,7.6696167138305285,11.237400314503816,ok,1.0000000000000007,6.6613381477509392e-16,2.0968541051211191e-15
110,0.082191780821917804,1,put,1,17.480875971768178,11.237400314503816,ok,0.99999999999999878,1.2212453270876722e-15,3.4050545598294175e-15
110,0.25,0.050000000000000003,call,0,9.7002434858564635e-05,0.030528902415226548,ok,0.050000000000000003,0,6.5335558049511442e-14
110,0.25,0.050000000000000003,put,1,9.4278707927940815,0.030528902415226548,ok,0.050000000000384924,7.6984252306289136e-12,4.2967378813814652e-10
110,0.25,0.10000000000000001,call,0,0.073315751961314568,4.0724360026871373,ok,0.10000000000000001,0,1.7776876808468913e-14
110,0.25,0.10000000000000001,put,1,9.5010895423205426,4.0724360026871373,ok,0.10000000000000446,4.4547698863084406e-14,4.785770096597177e-13
110,0.25,0.20000000000000001,call,0,1.041333249442193,13.827966968429108,ok,0.20000000000000001,0,6.0783044869891902e-15
110,0.25,0.20000000000000001,put,1,10.469107039801415,13.827966968429108,ok,0.20000000000000073,3.6082248300317588e-15,2.6378275788760551e-14
110,0.25,0.5,call,0,6.3445441076613704,19.349752593246556,ok,0.49999999999999994,1.1102230246251565e-16,2.3439807585079411e-15
110,0.25,0.5,put,1,15.772317898020574,19.349752593246556,ok,0.49999999999999939,1.2212453270876722e-15,4.0288405513092158e-15
110,0.25,1,call,0,16.236938321213763,19.849477908987261,ok,0.99999999999999989,1.1102230246251565e-16,1.4026611067148722e-15
110,0.25,1,put,1,25.664712111572975,19.849477908987261,ok,0.99999999999999989,1.1102230246251565e-16,1.8119778498124044e-15
110,1,0.050000000000000003,call,0,0.14849177116541679,13.187238824377562,ok,0.050000000000000003,0,1.5504829195919824e-14
110,1,0.050000000000000003,put,1,7.8925170865845047,13.187238824377562,ok,0.049999999999999739,5.2735593669694936e-15,2.1668234631643024e-13
110,1,0.10000000000000001,call,0,1.340268443721115,30.847496106646027,ok,0.10000000000000001,0,5.7137068140996053e-15
110,1,0.10000000000000001,put,1,9.0842937591402091,30.847496106646027,ok,0.10000000000000001,0,1.9093183464474392e-14
110,1,0.20000000000000001,call,0,4.8946746590840462,38.015404262333931,ok,0.20000000000000001,0,2.8216412560456466e-15
110,1,0.20000000000000001,put,1,12.638699974503147,38.015404262333931,ok,0.20000000000000029,1.3877787807814457e-15,4.9960400959003922e-15
110,1,0.5,call,0,16.662262337197646,39.302710907124258,ok,0.5,0,1.4045500078392071e-15
110,1,0.5,put,1,24.406287652616733,39.302710907124258,ok,0.49999999999999978,4.4408920985006262e-16,1.7375263961945245e-15
110,1,1,call,0,35.624755408452323,36.091267230200167,ok,1.0000000000000004,4.4408920985006262e-16,1.0077143426503604e-15
110,1,1,put,1,43.368780723871403,36.091267230200167,ok,1,0,1.1212141602410268e-15
110,2,0.050000000000000003,call,0,0.88339418803418468,41.842548728181335,ok,0.050000000000000003,0,7.9656076574350709e-15
110,2,0.050000000000000003,put,1,6.4576255516260233,41.842548728181335,ok,0.050000000000000051,9.7144514654701197e-16,2.8178937595132484e-14
110,2,0.10000000000000001,call,0,3.3238802675247783,52.535016762615498,ok,0.10000000000000001,0,3.8147728306057763e-15
110,2,0.10000000000000001,put,1,8.8981116311166204,52.535016762615498,ok,0.10000000000000009,8.3266726846886741e-16,6.968107778153469e-15
110,2,0.20000000000000001,call,0,8.7645038993084228,55.220829771007075,ok,0.20000000000000001,0,2.125570761704387e-15
110,2,0.20000000000000001,put,1,14.338735262900265,55.220829771007075,ok,0.20000000000000012,5.5511151231257827e-16,2.8322713930641901e-15
110,2,0.5,call,0,25.150170902317065,53.24485163345188,ok,0.49999999999999994,1.1102230246251565e-16,1.1535408653819245e-15
110,2,0.5,put,1,30.724402265908907,53.24485163345188,ok,0.49999999999999994,1.1102230246251565e-16,1.2856031214874734e-15
110,2,1,call,0,49.716767557825492,44.242927535254978,ok,1,0,9.7922320600117294e-16
110,2,1,put,1,55.290998921417327,44.242927535254978,ok,1,0,1.0401574118062812e-15
110,5,0.050000000000000003,call,1,4.4568992903074118,84.450319146452003,ok,0.050000000000000003,0,5.4290804248973173e-15
110,5,0.050000000000000003,put,0,4.0118342469923576,84.450319146452003,ok,0.050000000000000003,0,5.0914071341424176e-15
110,5,0.10000000000000001,call,1,8.6724844636219842,84.110865394882268,ok,0.10000000000000013,1.2490009027033011e-15,2.8144183732233247e-15
110,5,0.10000000000000001,put,0,8.2274194203069229,84.110865394882268,ok,0.10000000000000001,0,2.7285648576284205e-15
110,5,0.20000000000000001,call,1,17.014808367884093,82.562097970019963,ok,0.20000000000000001,0,1.5796576160242682e-15
110,5,0.20000000000000001,put,0,16.569743324569039,82.562097970019963,ok,0.20000000000000001,0,1.5565715219101714e-15
110,5,0.5,call,1,40.446378215433882,72.410180282045474,ok,0.5,0,9.9164367649540162e-16
110,5,0.5,put,0,40.001313172118827,72.410180282045474,ok,0.5,0,9.8573037971285609e-16
110,5,1,call,1,70.111803982732425,45.313431944810645,ok,0.99999999999999933,6.6613381477509392e-16,1.2732958207266337e-15
110,5,1,put,0,69.666738939417371,45.313431944810645,ok,0.99999999999999933,6.6613381477509392e-16,1.2677961626723118e-15
125,0.0027397260273972603,0.050000000000000003,call,0,0,0,zero_time_value,0,1,-nan
125,0.0027397260273972603,0.050000000000000003,put,1,24.99246613810098,0,zero_time_value,0,1,inf
125,0.0027397260273972603,0.10000000000000001,call,0,0,0,zero_time_value,0,1,-nan
125,0.0027397260273972603,0.10000000000000001,put,1,24.99246613810098,0,zero_time_value,0,1,inf
125,0.0027397260273972603,0.20000000000000001,call,0,2.4790184894480361e-102,5.6661112851851066e-99,ok,0.20000000000000001,0,9.0469962473362074e-13
125,0.0027397260273972603,0.20000000000000001,put,1,24.99246613810098,5.6661112851851066e-99,zero_time_value,0,1,2.0074228699372955e+88
125,0.0027397260273972603,0.5,call,0,2.5721671175383074e-18,3.8884189714681127e-16,ok,0.49999999999998118,3.7636560534792807e-14,1.4535570991838135e-13
125,0.0027397260273972603,0.5,put,1,24.99246613810098,3.8884189714681127e-16,zero_time_value,0,1,18985.115048663662
125,0.0027397260273972603,1,call,0,1.2673551245221933e-05,0.00026512455977140993,ok,1.0000000000000009,8.8817841970012523e-16,3.6975295500267785e-14
125,0.0027397260273972603,1,put,1,24.992478811652219,0.00026512455977140993,ok,0.99999999997869127,2.1308732556235555e-11,3.6534711515674938e-09
125,0.019178082191780823,0.050000000000000003,call,0,5.3921674233616413e-229,1.1193790629410152e-224,ok,0.050000000000000003,0,2.063968860826725e-12
125,0.019178082191780823,0.050000000000000003,put,1,24.947279119813416,1.1193790629410152e-224,zero_time_value,0,1,9.2457410104995162e+214
125,0.019178082191780823,0.10000000000000001,call,0,1.5393849494193499e-59,4.0288894004114464e-56,ok,0.10000000000000001,0,5.1650450768512983e-13
125,0.019178082191780823,0.10000000000000001,put,1,24.947279119813416,4.0288894004114464e-56,zero_time_value,0,1,3.222392176781326e+45
125,0.019178082191780823,0.20000000000000001,call,0,1.641650971265463e-16,5.5489154257515198e-14,ok,0.20000000000000001,0,1.2967300571631645e-13
125,0.019178082191780823,0.20000000000000001,put,1,24.947279119813402,5.5489154257515198e-14,zero_time_value,0,1,296.58703117883164
125,0.019178082191780823,0.5,call,0,0.0013445578099206684,0.034907969607710941,ok,0.50000000000000244,4.8849813083506888e-15,2.1519543446675599e-14
125,0.019178082191780823,0.5,put,1,24.948623677623331,0.034907969607710941,ok,0.49999999999984512,3.0975222387041867e-13,3.3093887541055265e-11
125,0.019178082191780823,1,call,0,0.35190656193382441,1.689296612730788,ok,1.0000000000000018,1.7763568394002505e-15,6.248790344670355e-15
125,0.019178082191780823,1,put,1,25.299185681747232,1.689296612730788,ok,0.999999999999997,2.9976021664879227e-15,1.0697584375439893e-13
125,0.082191780821917804,0.050000000000000003,call,0,3.7465985758589562e-55,1.8114394390738288e-51,ok,0.050000000000000003,0,4.7939363571644968e-13
125,0.082191780821917804,0.050000000000000003,put,1,24.774318518661445,1.8114394390738288e-51,zero_time_value,0,1,1.3215075372449034e+41
125,0.082191780821917804,0.10000000000000001,call,0,2.225496825147936e-15,1.3931989652089777e-12,ok,0.10000000000000001,0,1.2039917515052352e-13
125,0.082191780821917804,0.10000000000000001,put,1,24.774318518661445,1.3931989652089777e-12,zero_time_value,0,1,21.805848032085237
125,0.082191780821917804,0.20000000000000001,call,0,8.3169508054956737e-05,0.0073347443706951818,ok,0.20000000000000001,0,3.0758366793133708e-14
125,0.082191780821917804,0.20000000000000001,put,1,24.77440168816949,0.0073347443706951818,ok,0.19999999999864135,6.7933159098032547e-12,5.4888168997134786e-10
125,0.082191780821917804,0.5,call,0,0.42186211909047255,3.8589537405367942,ok,0.50000000000000155,3.1086244689504383e-15,5.8900534260277387e-15
125,0.082191780821917804,0.5,put,1,25.196180637751922,3.8589537405367942,ok,0.50000000000000244,4.8849813083506888e-15,8.7977754874339394e-14
125,0.082191780821917804,1,call,0,4.0117840397218743,9.3752607012031035,ok,0.99999999999999956,4.4408920985006262e-16,2.3502187127716999e-15
125,0.082191780821917804,1,put,1,28.786102558383334,9.3752607012031035,ok,1.0000000000000011,1.1102230246251565e-15,7.8766136142787036e-15
125,0.25,0.050000000000000003,call,0,4.1098715680969732e-19,6.4990266972508146e-16,ok,0.050000000000000003,0,1.5571107877573385e-13
125,0.25,0.050000000000000003,put,1,24.315694612646297,6.4990266972508146e-16,zero_time_value,0,1,118307.57747855122
125,0.25,0.10000000000000001,call,0,7.48694499507754e-06,0.0016319526307870978,ok,0.10000000000000001,0,3.9562766819707012e-14
125,0.25,0.10000000000000001,put,1,24.315702099591292,0.0016319526307870978,ok,0.09999999999973086,2.6914581674475357e-12,6.1676521458210639e-09
125,0.25,0.20000000000000001,call,0,0.057248607069654511,2.0525353782978502,ok,0.20000000000000001,0,1.0700372430039708e-14
125,0.25,0.20000000000000001,put,1,24.37294321971595,2.0525353782978502,ok,0.19999999999999965,1.8041124150158794e-15,7.1361607723833286e-13
125,0.25,0.5,call,0,2.9224474443167807,15.046582305050515,ok,0.50000000000000033,6.6613381477509392e-16,2.7208958254787909e-15
125,0.25,0.5,put,1,27.238142056963085,15.046582305050515,ok,0.50000000000000056,1.1102230246251565e-15,1.0902743701690538e-14
125,0.25,1,call,0,11.951342419055223,19.555039534640617,ok,0.99999999999999989,1.1102230246251565e-16,1.4423204576948623e-15
125,0.25,1,put,1,36.267037031701513,19.555039534640617,ok,0.999999999999999,9.9920072216264089e-16,2.740144862752351e-15
125,1,0.050000000000000003,call,0,2.9567783652789236e-05,0.011379183976453773,ok,0.050000000000000003,0,3.6928219323163028e-14
125,1,0.050000000000000003,put,1,22.300737886430369,0.011379183976453773,ok,0.050000000000294226,5.884459586269486e-12,1.5227187926814607e-09
125,1,0.10000000000000001,call,0,0.085413744225736554,5.5466176326201966,ok,0.10000000000000001,0,1.0087519592177251e-14
125,1,0.10000000000000001,put,1,22.386122062872445,5.5466176326201966,ok,0.099999999999999242,7.6327832942979512e-15,4.6064914694813528e-13
125,1,0.20000000000000001,call,0,1.7664527134267445,25.970522580324083,ok,0.20000000000000001,0,3.471128918622149e-15
125,1,0.20000000000000001,put,1,24.067161032073443,25.970522580324083,ok,0.19999999999999965,1.8041124150158794e-15,1.8115043996881089e-14
125,1,0.5,call,0,12.322228448089241,39.017833996101018,ok,0.49999999999999994,1.1102230246251565e-16,1.4333581349825408e-15
125,1,0.5,put,1,34.622936766735961,39.017833996101018,ok,0.50000000000000011,2.2204460492503131e-16,2.5982570689726352e-15
125,1,1,call,0,31.824928704636264,37.794733866541534,ok,1,0,1.0147639959783213e-15
125,1,1,put,1,54.125637023282984,37.794733866541534,ok,1,0,1.363583599131781e-15
125,2,0.050000000000000003,call,0,0.011470953054673605,2.1161448788598101,ok,0.050000000000000003,0,1.7287711277364974e-14
125,2,0.050000000000000003,put,1,19.712170320410237,2.1161448788598101,ok,0.049999999999997699,4.6074255521943996e-14,3.5565616755240824e-12
125,2,0.10000000000000001,call,0,0.69778359443834681,26.13663602003842,ok,0.10000000000000001,0,5.3212333463976178e-15
125,2,0.10000000000000001,put,1,20.398482961793917,26.13663602003842,ok,0.10000000000000001,0,4.7637484147839827e-14
125,2,0.20000000000000001,call,0,4.7141378673910559,48.654400964381786,ok,0.20000000000000001,0,2.2712328734952347e-15
125,2,0.20000000000000001,put,1,24.414837234746628,48.654400964381786,ok,0.20000000000000012,5.5511151231257827e-16,6.1598084510508508e-15
125,2,0.5,call,0,20.907214463655265,55.055152654896695,ok,0.49999999999999994,1.1102230246251565e-16,1.1593557466857918e-15
125,2,0.5,put,1,40.607913831010848,55.055152654896695,ok,0.50000000000000011,2.2204460492503131e-16,1.6779284523049406e-15
125,2,1,call,0,46.691593108411695,46.805074597858756,ok,1,0,9.8099654715272075e-16
125,2,1,put,1,66.392292475767263,46.805074597858756,ok,1,0,1.2029188649780312e-15
125,5,0.050000000000000003,call,0,0.77313605393657525,49.125906131613533,ok,0.050000000000000003,0,6.0085813810360592e-15
125,5,0.050000000000000003,put,1,13.238690656997392,49.125906131613533,ok,0.049999999999999802,4.0245584642661925e-15,3.7304692995999418e-14
125,5,0.10000000000000001,call,0,4.1170200787707536,77.063444902262063,ok,0.10000000000000001,0,2.6571341286912327e-15
125,5,0.10000000000000001,put,1,16.582574681831574,77.063444902262063,ok,0.099999999999999895,1.1102230246251565e-15,6.1914148491372545e-15
125,5,0.20000000000000001,call,0,12.364151896839552,84.742017165093515,ok,0.20000000000000001,0,1.5119826909093966e-15
125,5,0.20000000000000001,put,1,24.829706499900368,84.742017165093515,ok,0.19999999999999984,8.3266726846886741e-16,2.2490650007563371e-15
125,5,0.5,call,0,36.960777270724172,76.723392663354261,ok,0.5,0,9.8563032650031064e-16
125,5,0.5,put,1,49.426331873785003,76.723392663354261,ok,0.50000000000000011,2.2204460492503131e-16,1.1571787214108924e-15
125,5,1,call,0,68.48364644416543,48.231192123054178,ok,1.0000000000000004,4.4408920985006262e-16,1.2545641645741126e-15
125,5,1,put,1,80.949201047226239,48.231192123054178,ok,0.99999999999999978,2.2204460492503131e-16,1.4070533311530378e-15
150,0.0027397260273972603,0.050000000000000003,call,0,0,0,zero_time_value,0,1,-nan
150,0.0027397260273972603,0.050000000000000003,put,1,49.990411428021716,0,zero_time_value,0,1,inf
150,0.0027397260273972603,0.10000000000000001,call,0,0,0,zero_time_value,0,1,-nan
150,0.0027397260273972603,0.10000000000000001,put,1,49.990411428021716,0,zero_time_value,0,1,inf
150,0.0027397260273972603,0.20000000000000001,call,0,0,0,zero_time_value,0,1,-nan
150,0.0027397260273972603,0.20000000000000001,put,1,49.990411428021716,0,zero_time_value,0,1,inf
150,0.0027397260273972603,0.5,call,0,4.1128345975103128e-55,1.9983236011207871e-52,ok,0.50000000000001954,3.907985046680551e-14,2.6352957003896852e-13
150,0.0027397260273972603,0.5,put,1,49.990411428021716,1.9983236011207871e-52,zero_time_value,0,1,1.3409023237045511e+41
150,0.0027397260273972603,1,call,0,3.8213440376186821e-15,2.4036217140558357e-13,ok,1.0000000000000029,2.886579864025407e-15,6.6407771017826889e-14
150,0.0027397260273972603,1,put,1,49.990411428021702,2.4036217140558357e-13,zero_time_value,0,1,14.178562312737684
150,0.019178082191780823,0.050000000000000003,call,0,0,0,zero_time_value,0,1,-nan
150,0.019178082191780823,0.050000000000000003,put,1,49.932899695113079,0,zero_time_value,0,1,inf
150,0.019178082191780823,0.10000000000000001,call,0,1.262901486368705e-189,1.0843406819713499e-185,ok,0.10000000000000001,0,9.386783450258803e-13
150,0.019178082191780823,0.10000000000000001,put,1,49.932899695113079,1.0843406819713499e-185,zero_time_value,0,1,4.385545560997292e+175
150,0.019178082191780823,0.20000000000000001,call,0,2.2192823559519277e-49,2.4065571211294208e-46,ok,0.20000000000000001,0,2.3517699352980612e-13
150,0.019178082191780823,0.20000000000000001,put,1,49.932899695113079,2.4065571211294208e-46,zero_time_value,0,1,2.4821865078553293e+35
150,0.019178082191780823,0.5,call,0,3.3728925841524788e-09,2.5010985448215064e-07,ok,0.5,0,3.8231792481883728e-14
150,0.019178082191780823,0.5,put,1,49.932899698485983,2.5010985448215064e-07,ok,0.50000004458008984,8.91601796837449e-08,1.5809715216219285e-05
150,0.019178082191780823,1,call,0,0.0084035631389584864,0.093583747469001943,ok,1.0000000000000002,2.2204460492503131e-16,1.0170736127191755e-14
150,0.019178082191780823,1,put,1,49.941303258252034,0.093583747469001943,ok,0.99999999999996703,3.2973623831367149e-14,5.8993517760558097e-12
150,0.082191780821917804,0.050000000000000003,call,0,4.0927517396223613e-176,6.5206348728563237e-172,ok,0.050000000000000003,0,8.734207660483564e-13
150,0.082191780821917804,0.050000000000000003,put,1,49.712750619867762,6.5206348728563237e-172,zero_time_value,0,1,1.3511785622236443e+162
150,0.082191780821917804,0.10000000000000001,call,0,5.7381039699010368e-46,1.1555071211489669e-42,ok,0.10000000000000001,0,2.1886321843394209e-13
150,0.082191780821917804,0.10000000000000001,put,1,49.712750619867762,1.1555071211489669e-42,zero_time_value,0,1,9.581532012846868e+31
150,0.082191780821917804,0.20000000000000001,call,0,9.0300856339268559e-13,2.3701062772464079e-10,ok,0.20000000000000001,0,5.5246077172808593e-14
150,0.082191780821917804,0.20000000000000001,put,1,49.712750619868686,2.3701062772464079e-10,ok,0.20008639341319889,0.0004319670659944097,0.05962317122178374
150,0.082191780821917804,0.5,call,0,0.012565607652342103,0.26377094173533039,ok,0.49999999999999917,1.6653345369377348e-15,9.5241651940409206e-15
150,0.082191780821917804,0.5,put,1,49.725316227520111,0.26377094173533039,ok,0.50000000000002276,4.5519144009631418e-14,3.9172115996979092e-12
150,0.082191780821917804,1,call,0,1.2521982528843356,5.1329338191309075,ok,1.0000000000000002,2.2204460492503131e-16,3.0692375096044886e-15
150,0.082191780821917804,1,put,1,50.964948872752089,5.1329338191309075,ok,0.99999999999999778,2.2204460492503131e-15,3.4169181148309918e-14
150,0.25,0.050000000000000003,call,0,8.9410032954750764e-59,4.6416818409391656e-55,ok,0.050000000000000003,0,2.8522078634476162e-13
150,0.25,0.050000000000000003,put,1,49.128895983124764,4.6416818409391656e-55,zero_time_value,0,1,6.1370693667679557e+44
150,0.25,0.10000000000000001,call,0,4.2596105355659293e-16,2.8566516087644486e-13,ok,0.10000000000000001,0,7.1829407925158015e-14
150,0.25,0.10000000000000001,put,1,49.128895983124778,2.8566516087644486e-13,ok,0.10566505199545052,0.05665051995450518,126.68010372300759
150,0.25,0.20000000000000001,call,0,8.5200150892411966e-05,0.0079941271405157919,ok,0.20000000000000001,0,1.8533793665281751e-14
150,0.25,0.20000000000000001,put,1,49.128981183275656,0.0079941271405157919,ok,0.19999999999991661,4.1702752362482443e-13,6.021853297883053e-10
150,0.25,0.5,call,0,0.7009366995072881,6.68606897168074,ok,0.49999999999999972,5.5511151231257827e-16,3.7226694603561813e-15
150,0.25,0.5,put,1,49.829832682632045,6.68606897168074,ok,0.4999999999999985,2.9976021664879227e-15,6.2480909953188037e-14
150,0.25,1,call,0,7.1790170352759262,17.095622227648214,ok,1,0,1.6117848480881692e-15
150,0.25,1,put,1,56.307913018400683,17.095622227648214,ok,0.99999999999999989,1.1102230246251565e-16,5.62821263682806e-15
150,1,0.050000000000000003,call,0,4.7702077430543482e-15,5.9476900006999714e-12,ok,0.050000000000000003,0,6.9168031254064713e-14
150,1,0.050000000000000003,put,1,46.561846657359396,5.9476900006999714e-12,zero_time_value,0,1,11.106331840393578
150,1,0.10000000000000001,call,0,0.00016161563621178501,0.028397525394596532,ok,0.10000000000000001,0,1.787637226588899e-14
150,1,0.10000000000000001,put,1,46.562008272995627,0.028397525394596532,ok,0.10000000000015177,1.517674874662589e-12,3.1066779450357963e-10
150,1,0.20000000000000001,call,0,0.24619126323953022,7.438523220146017,ok,0.20000000000000001,0,5.1426049428127209e-15
150,1,0.20000000000000001,put,1,46.808037920598949,7.438523220146017,ok,0.20000000000000123,6.106226635438361e-15,1.81834178047198e-13
150,1,0.5,call,0,7.4556288061061373,34.485795261429018,ok,0.49999999999999978,4.4408920985006262e-16,1.5945287502092027e-15
150,1,0.5,put,1,54.017475463465544,34.485795261429018,ok,0.49999999999999967,6.6613381477509392e-16,5.2817020959831686e-15
150,1,1,call,0,26.656726305671,39.239054223644175,ok,1.0000000000000002,2.2204460492503131e-16,1.0435784512604666e-15
150,1,1,put,1,73.218572963030411,39.239054223644175,ok,1.0000000000000002,2.2204460492503131e-16,1.869588386891294e-15
150,2,0.050000000000000003,call,0,1.7777762096462308e-07,0.00010499879045663102,ok,0.050000000000000003,0,3.3188548832583967e-14
150,2,0.050000000000000003,put,1,43.244812884739403,0.00010499879045663102,ok,0.050000000009450318,1.8900631060247974e-10,2.841792982667592e-07
150,2,0.10000000000000001,call,0,0.025559200786494651,2.3488343081542071,ok,0.10000000000000001,0,8.9425072115797105e-15
150,2,0.10000000000000001,put,1,43.27037190774827,2.3488343081542071,ok,0.099999999999997466,2.5396351688300456e-14,1.8121595461625702e-12
150,2,0.20000000000000001,call,0,1.5302862618077029,28.524350880822887,ok,0.20000000000000001,0,2.9522575976550151e-15
150,2,0.20000000000000001,put,1,44.775098968769484,28.524350880822887,ok,0.20000000000000001,0,2.5944552247425799e-14
150,2,0.5,call,0,15.52413662382714,54.569387219165534,ok,0.50000000000000011,2.2204460492503131e-16,1.2201572622311749e-15
150,2,0.5,put,1,58.768949330788921,54.569387219165534,ok,0.50000000000000011,2.2204460492503131e-16,2.6465190299140714e-15
150,2,1,call,0,42.373099371017688,50.006180650882953,ok,0.99999999999999989,1.1102230246251565e-16,9.907555474344261e-16
150,2,1,put,1,85.617912077979469,50.006180650882953,ok,0.99999999999999989,1.1102230246251565e-16,1.5063572693322754e-15
150,5,0.050000000000000003,call,0,0.011802337574007504,2.3626015703285161,ok,0.050000000000000003,0,1.1705848773577924e-14
150,5,0.050000000000000003,put,1,33.995056351261269,2.3626015703285161,ok,0.050000000000001536,3.0669911055269949e-14,3.6864665167216747e-12
150,5,0.10000000000000001,call,0,0.97439478572798599,38.642157369866737,ok,0.10000000000000001,0,3.6941593591507204e-15
150,5,0.10000000000000001,put,1,34.957648799415253,38.642157369866737,ok,0.1000000000000002,1.9428902930940239e-15,3.7776345555409081e-14
150,5,0.20000000000000001,call,0,7.1854065480629288,76.356322096024243,ok,0.20000000000000001,0,1.6594156745749894e-15
150,5,0.20000000000000001,put,1,41.168660561750187,76.356322096024243,ok,0.20000000000000001,0,4.7249680705468986e-15
150,5,0.5,call,0,32.099434789552767,81.459795366682229,ok,0.50000000000000011,2.2204460492503131e-16,1.0010606707728486e-15
150,5,0.5,put,1,66.082688803240032,81.459795366682229,ok,0.50000000000000011,2.2204460492503131e-16,1.5121045058005785e-15
150,5,1,call,0,66.068805864842588,52.423358758282575,ok,1.0000000000000007,6.6613381477509392e-16,1.2374458202722124e-15
150,5,1,put,1,100.05205987852985,52.423358758282575,ok,1.0000000000000007,6.6613381477509392e-16,1.6514098791982376e-15
200,0.0027397260273972603,0.050000000000000003,call,0,0,0,zero_time_value,0,1,-nan
200,0.0027397260273972603,0.050000000000000003,put,1,99.986302007863216,0,zero_time_value,0,1,inf
200,0.0027397260273972603,0.10000000000000001,call,0,0,0,zero_time_value,0,1,-nan
200,0.0027397260273972603,0.10000000000000001,put,1,99.986302007863216,0,zero_time_value,0,1,inf
200,0.0027397260273972603,0.20000000000000001,call,0,0,0,zero_time_value,0,1,-nan
200,0.0027397260273972603,0.20000000000000001,put,1,99.986302007863216,0,zero_time_value,0,1,inf
200,0.0027397260273972603,0.5,call,0,1.0594437181118111e-155,1.4924211182364946e-152,ok,0.50000000000006695,1.3389289676979388e-13,4.5004801470501522e-13
200,0.0027397260273972603,0.5,put,1,99.986302007863216,1.4924211182364946e-152,zero_time_value,0,1,6.2755918156156475e+141
200,0.0027397260273972603,1,call,0,1.3959291570764901e-40,2.4889979390607195e-38,ok,1.0000000000000244,2.4424906541753444e-14,1.1301669708458699e-13
200,0.0027397260273972603,1,put,1,99.986302007863216,2.4889979390607195e-38,zero_time_value,0,1,4.7376120042497501e+26
200,0.019178082191780823,0.050000000000000003,call,0,0,0,zero_time_value,0,1,-nan
200,0.019178082191780823,0.050000000000000003,put,1,99.904140845712377,0,zero_time_value,0,1,inf
200,0.019178082191780823,0.10000000000000001,call,0,0,0,zero_time_value,0,1,-nan
200,0.019178082191780823,0.10000000000000001,put,1,99.904140845712377,0,zero_time_value,0,1,inf
200,0.019178082191780823,0.20000000000000001,call,0,3.5106121900315557e-139,1.1033892568586975e-135,ok,0.20000000000000001,0,4.0170995055572788e-13
200,0.019178082191780823,0.20000000000000001,put,1,99.904140845712377,1.1033892568586975e-135,zero_time_value,0,1,1.8927228464149006e+125
200,0.019178082191780823,0.5,call,0,6.9563240392112873e-24,1.4335679572750463e-21,ok,0.50000000000000133,2.6645352591003757e-15,6.4842175655740486e-14
200,0.019178082191780823,0.5,put,1,99.904140845712377,1.4335679572750463e-21,zero_time_value,0,1,9455661349.1118355
200,0.019178082191780823,1,call,0,1.0306696471866893e-06,2.8682983873665855e-05,ok,1.0000000000000056,5.5511151231257827e-15,1.67391699361519e-14
200,0.019178082191780823,1,put,1,99.904141876382042,2.8682983873665855e-05,ok,1.0000000006269605,6.2696048352961498e-10,6.2031487454689961e-08
200,0.082191780821917804,0.050000000000000003,call,0,0,0,zero_time_value,0,1,-nan
200,0.082191780821917804,0.050000000000000003,put,1,99.589614822280367,0,zero_time_value,0,1,inf
200,0.082191780821917804,0.10000000000000001,call,0,1.2845988890998401e-129,7.5119678164231454e-126,ok,0.10000000000000001,0,3.7429298415116113e-13
200,0.082191780821917804,0.10000000000000001,put,1,99.589614822280367,7.5119678164231454e-126,zero_time_value,0,1,5.1641183917022927e+115
200,0.082191780821917804,0.20000000000000001,call,0,5.6812745822333483e-34,4.2156555618470568e-31,ok,0.20000000000000001,0,9.4078953462771815e-14
200,0.082191780821917804,0.20000000000000001,put,1,99.589614822280367,4.2156555618470568e-31,zero_time_value,0,1,1.1602667196292086e+20
200,0.082191780821917804,0.5,call,0,2.7329839656645898e-06,0.00014246782270677146,ok,0.50000000000000078,1.5543122344752192e-15,1.5644405858532658e-14
200,0.082191780821917804,0.5,put,1,99.589617555264311,0.00014246782270677146,ok,0.49999999984823607,3.035278695051602e-10,2.3303648386814918e-08
200,0.082191780821917804,1,call,0,0.10529887416889117,0.87164601766943284,ok,1.0000000000000004,4.4408920985006262e-16,4.4835099125788393e-15
200,0.082191780821917804,1,put,1,99.694913696449234,0.87164601766943284,ok,0.9999999999999718,2.8199664825478976e-14,5.7030980799074092e-13
200,0.25,0.050000000000000003,call,0,5.4833411816801298e-168,8.3419875092881801e-164,ok,0.050000000000000003,0,4.8962542136718662e-13
200,0.25,0.050000000000000003,put,1,98.755298724081669,8.3419875092881801e-164,zero_time_value,0,1,1.2056994544808131e+154
200,0.25,0.10000000000000001,call,0,1.0769142555920257e-43,2.0718477868315799e-40,ok,0.10000000000000001,0,1.2291072257774899e-13
200,0.25,0.10000000000000001,put,1,98.755298724081669,2.0718477868315799e-40,zero_time_value,0,1,6.1087019509543188e+29
200,0.25,0.20000000000000001,call,0,5.8172525882844176e-12,1.461329727997788e-09,ok,0.20000000000000001,0,3.1244499108205411e-14
200,0.25,0.20000000000000001,put,1,98.755298724087496,1.461329727997788e-09,ok,0.20000628947623958,3.1447381197841073e-05,0.011113439650852723
200,0.25,0.5,call,0,0.031155511349248821,0.63032055319891089,ok,0.49999999999999922,1.5543122344752192e-15,5.6269439950205332e-15
200,0.25,0.5,put,1,98.786454235430909,0.63032055319891089,ok,0.4999999999999854,2.9198865547641617e-14,1.9449760193472591e-12
200,0.25,1,call,0,2.6585014271806511,10.551995387333797,ok,1,0,2.0076219623481412e-15
200,0.25,1,put,1,101.41380015126234,10.551995387333797,ok,1.0000000000000022,2.2204460492503131e-15,2.1312061570023684e-14
200,1,0.050000000000000003,call,0,6.5783720388934123e-42,2.4237136685063494e-38,ok,0.050000000000000003,0,1.2024654410642439e-13
200,1,0.050000000000000003,put,1,95.084123334784834,2.4237136685063494e-38,zero_time_value,0,1,9.8235427365323423e+27
200,1,0.10000000000000001,call,0,1.6583059007931419e-11,7.9921894436012829e-09,ok,0.10000000000000001,0,3.057958508439836e-14
200,1,0.10000000000000001,put,1,95.084123334801404,7.9921894436012829e-09,ok,0.099998347467416426,1.6525325835792248e-05,0.003826236438300564
200,1,0.20000000000000001,call,0,0.0027313786551105487,0.19084688137554556,ok,0.20000000000000001,0,8.1970664031586325e-15
200,1,0.20000000000000001,put,1,95.086854713439934,0.19084688137554556,ok,0.19999999999994,3.0003777240494856e-13,2.217695724201713e-11
200,1,0.5,call,0,2.7957446323093098,21.656399283144339,ok,0.49999999999999989,2.2204460492503131e-16,1.9848248187027992e-15
200,1,0.5,put,1,97.879867967094143,21.656399283144339,ok,0.49999999999999989,2.2204460492503131e-16,1.9784493233831616e-14
200,1,1,call,0,19.335474133265208,38.909626182493042,ok,1,0,1.117857695946808e-15
200,1,1,put,1,114.41959746805006,38.909626182493042,ok,1.0000000000000002,2.2204460492503131e-16,3.3007708620494808e-15
200,2,0.050000000000000003,call,0,1.289663652355709e-20,2.2763572476853502e-17,ok,0.050000000000000003,0,5.8688781854458336e-14
200,2,0.050000000000000003,put,1,90.333039386174207,2.2763572476853502e-17,zero_time_value,0,1,4859081.5988081079
200,2,0.10000000000000001,call,0,7.4052415761791872e-06,0.0017853297382639675,ok,0.10000000000000001,0,1.5206930134699365e-14
200,2,0.10000000000000001,put,1,90.333046791415796,0.0017853297382639675,ok,0.10000000000757754,7.5775358210350419e-11,8.1876236091376171e-09
200,2,0.20000000000000001,call,0,0.13585156502294238,5.2757512518527658,ok,0.20000000000000001,0,4.3820789174879164e-15
200,2,0.20000000000000001,put,1,90.468890951197125,5.2757512518527658,ok,0.19999999999999515,2.4286128663675299e-14,4.1825096548114505e-13
200,2,0.5,call,0,8.888221931203578,47.006110028634595,ok,0.50000000000000011,2.2204460492503131e-16,1.3865794269771837e-15
200,2,0.5,put,1,99.221261317377795,47.006110028634595,ok,0.50000000000000044,8.8817841970012523e-16,6.1766278690160206e-15
200,2,1,call,0,35.674880976777999,53.663256105891264,ok,1,0,1.0184658908787411e-15
200,2,1,put,1,126.00792036295222,53.663256105891264,ok,1.0000000000000002,2.2204460492503131e-16,2.2297127494504897e-15
200,5,0.050000000000000003,call,0,1.4224344863472768e-07,8.8104987663144922e-05,ok,0.050000000000000003,0,2.1773089795829164e-14
200,5,0.050000000000000003,put,1,77.018652977183606,8.8104987663144922e-05,ok,0.050000000024528701,4.9057397033536176e-10,4.006669530843025e-07
200,5,0.10000000000000001,call,0,0.035195163974283905,3.3636894468535172,ok,0.10000000000000001,0,6.0225240891382546e-15
200,5,0.10000000000000001,put,1,77.053847998914449,3.3636894468535172,ok,0.10000000000000292,2.9143354396410359e-14,1.5191268284487209e-12
200,5,0.20000000000000001,call,0,2.4205545630247549,46.199328103373276,ok,0.20000000000000001,0,2.1251948632961118e-15
200,5,0.20000000000000001,put,1,79.439207397964907,46.199328103373276,ok,0.19999999999999993,4.163336342344337e-16,2.0170535225365187e-14
200,5,0.5,call,0,24.894335677822983,84.821136944358287,ok,0.50000000000000011,2.2204460492503131e-16,1.0509754526810199e-15
200,5,0.5,put,1,101.91298851276312,84.821136944358287,ok,0.49999999999999983,3.3306690738754696e-16,2.4535075325375426e-15
200,5,1,call,0,62.056744317952941,58.988460586657247,ok,1.0000000000000002,2.2204460492503131e-16,1.2170963509765886e-15
200,5,1,put,1,139.07539715289309,58.988460586657247,ok,1.0000000000000002,2.2204460492503131e-16,2.1580973192256547e-15
