problem,method,n0,max_abs_error,n_at_max
european_call_k100,crr,50,0.039892031452932741,50
european_call_k100,crr,100,0.019971909936433718,100
european_call_k100,crr,200,0.0099923123254725965,200
european_call_k100,crr,500,0.0039984357387261582,500
european_call_k100,crr,1000,0.0019994684215642877,1000
european_call_k100,crr,2000,0.00099979672880756709,2000
european_call_k100,crr,5000,0.00039993371377100573,5000
european_call_k100,crr,10000,0.00019996932525678801,10000
european_call_k100,crr_averaged,50,0.0027285567899095753,50
european_call_k100,crr_averaged,100,0.0013004036387904705,100
european_call_k100,crr_averaged,200,0.00063397800089148859,200
european_call_k100,crr_averaged,500,0.00024966464717302017,500
european_call_k100,crr_averaged,1000,0.00012417515704044035,1000
european_call_k100,crr_averaged,2000,6.1923022359522406e-05,2000
european_call_k100,crr_averaged,5000,2.4729712187365749e-05,5000
european_call_k100,crr_averaged,10000,1.2358247900579045e-05,10000
european_call_k100,leisen_reimer,50,0.00013225126361327,51
european_call_k100,leisen_reimer,100,3.423561912896389e-05,101
european_call_k100,leisen_reimer,200,8.711981653419798e-06,201
european_call_k100,leisen_reimer,500,1.4089554785101654e-06,501
european_call_k100,leisen_reimer,1000,3.5351058080834719e-07,1001
european_call_k100,leisen_reimer,2000,8.8531312059103584e-08,2001
european_call_k100,leisen_reimer,5000,1.422238860016023e-08,5005
european_call_k100,leisen_reimer,10000,3.6221798893620871e-09,10013
european_call_k100,bbs,50,0.01012567936908404,50
european_call_k100,bbs,100,0.0050950597325254421,100
european_call_k100,bbs,200,0.0025557595422061041,200
european_call_k100,bbs,500,0.0010243014602941969,500
european_call_k100,bbs,1000,0.00051248555384120209,1000
european_call_k100,bbs,2000,0.00025632666247688007,2000
european_call_k100,bbs,5000,0.00010255078719367816,5000
european_call_k100,bbs,10000,5.1278783210761958e-05,10000
european_call_k100,bbs_richardson,50,0.0013926519714040353,50
european_call_k100,bbs_richardson,100,0.00055266413384558177,102
european_call_k100,bbs_richardson,200,0.0002480659751071812,202
european_call_k100,bbs_richardson,500,9.2242024722466454e-05,502
european_call_k100,bbs_richardson,1000,4.4939635369445341e-05,1002
european_call_k100,bbs_richardson,2000,2.2172819207355587e-05,2002
european_call_k100,bbs_richardson,5000,8.7976569211889455e-06,5002
european_call_k100,bbs_richardson,10000,4.3868143961844908e-06,10002
european_call_k110,crr,50,0.02060776214650506,50
european_call_k110,crr,100,0.017488195262338024,107
european_call_k110,crr,200,0.006966265481203493,206
european_call_k110,crr,500,0.0024197232914140443,506
european_call_k110,crr,1000,0.0018280015629699164,1001
european_call_k110,crr,2000,0.00058009208749254526,2000
european_call_k110,crr,5000,0.00024585111584407571,5007
european_call_k110,crr,10000,0.00011126799538896393,10007
european_call_k110,crr_averaged,50,0.011621951413208542,52
european_call_k110,crr_averaged,100,0.0023477357943963995,101
european_call_k110,crr_averaged,200,0.0015288472509293882,201
european_call_k110,crr_averaged,500,0.00091056706551917443,501
european_call_k110,crr_averaged,1000,0.00015803710789352721,1001
european_call_k110,crr_averaged,2000,0.00023386913267042786,2006
european_call_k110,crr_averaged,5000,8.0496294368792576e-05,5000
european_call_k110,crr_averaged,10000,4.6038501391620912e-05,10000
european_call_k110,leisen_reimer,50,0.00014156706765433569,51
european_call_k110,leisen_reimer,100,3.66443509376424e-05,101
european_call_k110,leisen_reimer,200,9.3245515149220637e-06,201
european_call_k110,leisen_reimer,500,1.5079899338132918e-06,501
european_call_k110,leisen_reimer,1000,3.7835283439591194e-07,1001
european_call_k110,leisen_reimer,2000,9.4736204658829593e-08,2001
european_call_k110,leisen_reimer,5000,1.5233808881021105e-08,5001
european_call_k110,leisen_reimer,10000,3.8520848733014645e-09,10013
european_call_k110,bbs,50,0.004441227599252251,51
european_call_k110,bbs,100,0.0022721459854890824,101
european_call_k110,bbs,200,0.0011409274481088971,201
european_call_k110,bbs,500,0.00045349520696458256,501
european_call_k110,bbs,1000,0.00023340969553053981,1001
european_call_k110,bbs,2000,0.00011441243733933959,2001
european_call_k110,bbs,5000,4.5829693576138197e-05,5006
european_call_k110,bbs,10000,2.2791023615909012e-05,10006
european_call_k110,bbs_richardson,50,0.0004934320849612206,64
european_call_k110,bbs_richardson,100,0.00028360429200358084,102
european_call_k110,bbs_richardson,200,0.00021049454644561649,214
european_call_k110,bbs_richardson,500,4.5564397646913335e-05,512
european_call_k110,bbs_richardson,1000,3.3853294885588525e-05,1014
european_call_k110,bbs_richardson,2000,1.7800155967861997e-05,2002
european_call_k110,bbs_richardson,5000,7.2471329293222198e-06,5014
european_call_k110,bbs_richardson,10000,2.6912042212501319e-06,10014
american_put_k100,crr,50,0.027583717344798586,51
american_put_k100,crr,100,0.014196103253610204,101
american_put_k100,crr,200,0.0071501636901167842,201
american_put_k100,crr,500,0.0029081318825960878,501
american_put_k100,crr,1000,0.0014603990623172081,1001
american_put_k100,crr,2000,0.00073749618088925217,2001
american_put_k100,crr,5000,0.00029596545310361932,5001
american_put_k100,crr,10000,0.00014823475285030696,10001
american_put_k100,crr_averaged,50,0.0058807537323568582,51
american_put_k100,crr_averaged,100,0.003176823633502579,101
american_put_k100,crr_averaged,200,0.0015974617078580167,201
american_put_k100,crr_averaged,500,0.00067721080751326213,501
american_put_k100,crr_averaged,1000,0.00034316539037781979,1001
american_put_k100,crr_averaged,2000,0.00017844050935167388,2001
american_put_k100,crr_averaged,5000,7.2241371296577483e-05,5001
american_put_k100,crr_averaged,10000,3.6355911907648419e-05,10001
american_put_k100,leisen_reimer,50,0.0067985208364600425,51
american_put_k100,leisen_reimer,100,0.0031488016896084048,101
american_put_k100,leisen_reimer,200,0.0015652066038045476,201
american_put_k100,leisen_reimer,500,0.00058632419051196649,501
american_put_k100,leisen_reimer,1000,0.00028855044144471265,1001
american_put_k100,leisen_reimer,2000,0.00013746135872683141,2001
american_put_k100,leisen_reimer,5000,5.4132599184519847e-05,5001
american_put_k100,leisen_reimer,10000,2.6841124538989902e-05,10001
american_put_k100,bbs,50,0.0088402895391563874,51
american_put_k100,bbs,100,0.0048028700012521242,101
american_put_k100,bbs,200,0.0026652232618431526,201
american_put_k100,bbs,500,0.0011371041700609652,500
american_put_k100,bbs,1000,0.00060457614968534301,1000
american_put_k100,bbs,2000,0.00031530101228405272,2000
american_put_k100,bbs,5000,0.00013311496986201377,5000
american_put_k100,bbs,10000,6.7980611548890124e-05,10000
american_put_k100,bbs_richardson,50,0.0032671996619626498,50
american_put_k100,bbs_richardson,100,0.0010111738884130972,112
american_put_k100,bbs_richardson,200,0.00038272080926571306,200
american_put_k100,bbs_richardson,500,0.00013891886218164728,512
american_put_k100,bbs_richardson,1000,7.3544527621649536e-05,1002
american_put_k100,bbs_richardson,2000,3.4087371515667542e-05,2002
american_put_k100,bbs_richardson,5000,1.3365760816341776e-05,5002
american_put_k100,bbs_richardson,10000,6.4165942479377236e-06,10002
