problem,method,n,greek,value,reference,relative_error
european_call_k100,crr,25,delta,0.63745574088985668,0.63683065117561899,0.00098156348643674285
european_call_k100,crr,25,gamma,0.018220766169943798,0.018762017345846895,-0.0288482398201656
european_call_k100,crr,25,theta,-6.2907339587324085,-6.4140275464381968,-0.019222491143533582
european_call_k100,crr,26,delta,0.63846662823168465,0.63683065117561899,0.0025689357964249204
european_call_k100,crr,26,gamma,0.018562858500602259,0.018762017345846895,-0.010615001658588752
european_call_k100,crr,26,theta,-6.3719223813840973,-6.4140275464381968,-0.0065645438453848515
european_call_k100,crr,50,delta,0.6376871123279666,0.63683065117561899,0.0013448805436211408
european_call_k100,crr,50,gamma,0.018658172079211131,0.018762017345846895,-0.0055348667854605571
european_call_k100,crr,50,theta,-6.392085213380172,-6.4140275464381968,-0.0034209913972399475
european_call_k100,crr,51,delta,0.63713091738426297,0.63683065117561899,0.00047150087403879937
european_call_k100,crr,51,gamma,0.018491171812044821,0.018762017345846895,-0.014435842841922786
european_call_k100,crr,51,theta,-6.3523821390366981,-6.4140275464381968,-0.0096110294125150153
european_call_k100,crr,100,delta,0.63726046296232497,0.63683065117561899,0.00067492320903927983
european_call_k100,crr,100,gamma,0.018710020140095953,0.018762017345846895,-0.0027714080417078346
european_call_k100,crr,100,theta,-6.4030439191553157,-6.4140275464381968,-0.0017124384333180309
european_call_k100,crr,101,delta,0.63698074084232026,0.63683065117561899,0.00023568222795833371
european_call_k100,crr,101,gamma,0.018623883745101353,0.018762017345846895,-0.007362406621808093
european_call_k100,crr,101,theta,-6.3826003669259022,-6.4140275464381968,-0.0048997574900885299
european_call_k100,crr,200,delta,0.63704595540019937,0.63683065117561899,0.00033808709455640518
european_call_k100,crr,200,gamma,0.018736000364650004,0.018762017345846895,-0.0013866835701785707
european_call_k100,crr,200,theta,-6.4085326767557405,-6.4140275464381968,-0.00085669567875612529
european_call_k100,crr,201,delta,0.63690567270036846,0.63683065117561899,0.00011780451303811112
european_call_k100,crr,201,gamma,0.018692252236534503,0.018762017345846895,-0.0037184225995737785
european_call_k100,crr,201,theta,-6.3981582934368264,-6.4140275464381968,-0.0024741479338021843
european_call_k100,crr,500,delta,0.63691686885151999,0.63683065117561899,0.00013538556245973332
european_call_k100,crr,500,gamma,0.018751606176676035,0.018762017345846895,-0.00055490670213909077
european_call_k100,crr,500,theta,-6.4118288727277317,-6.4140275464381968,-0.00034279143557558456
european_call_k100,crr,501,delta,0.63686065251575008,0.63683065117561899,4.7110389670645958e-05
european_call_k100,crr,501,gamma,0.018733940975003728,0.018762017345846895,-0.0014964473342937712
european_call_k100,crr,501,theta,-6.4076418833059821,-6.4140275464381968,-0.00099557775297687279
european_call_k100,crr,1000,delta,0.63687377604335904,0.63683065117561899,6.7717952426438188e-05
european_call_k100,crr,1000,gamma,0.018756811034661935,0.018762017345846895,-0.0002774920782232515
european_call_k100,crr,1000,theta,-6.4129280892455398,-6.4140275464381968,-0.00017141447938862076
european_call_k100,crr,1001,delta,0.63684565049064534,0.63683065117561899,2.3553067049597587e-05
european_call_k100,crr,1001,gamma,0.018747950540673214,0.018762017345846895,-0.00074974907625247056
european_call_k100,crr,1001,theta,-6.4108283367357437,-6.4140275464381968,-0.00049878328075303457
european_call_k100,crr,2000,delta,0.63685221762005617,0.63683065117561899,3.386527391135985e-05
european_call_k100,crr,2000,gamma,0.018759414008873945,0.018762017345846895,-0.00013875570654064973
european_call_k100,crr,2000,theta,-6.4134777878219751,-6.4140275464381968,-8.5711920044251322e-05
european_call_k100,crr,2001,delta,0.63683815048120906,0.63683065117561899,1.1775980908401706e-05
european_call_k100,crr,2001,gamma,0.018754976766366015,0.018762017345846895,-0.00037525706064001074
european_call_k100,crr,2001,theta,-6.4124263422275058,-6.4140275464381968,-0.00024964099375912596
european_call_k100,crr,5000,delta,0.63683927871502766,0.63683065117561899,1.3547619595266625e-05
european_call_k100,crr,5000,gamma,0.018760975967567709,0.018762017345846895,-5.5504600597555687e-05
european_call_k100,crr,5000,theta,-6.4138076357611595,-6.4140275464381968,-3.4285895320063098e-05
european_call_k100,crr,5001,delta,0.63683365081052479,0.63683065117561899,4.7102552307443091e-06
european_call_k100,crr,5001,gamma,0.018759199388826659,0.018762017345846895,-0.00015019477747468812
european_call_k100,crr,5001,theta,-6.4133866802575188,-6.4140275464381968,-9.9916343676120789e-05
european_call_k100,bbs,25,delta,0.63780602852606161,0.63683065117561899,0.0015316118164885317
european_call_k100,bbs,25,gamma,0.018341874876160617,0.018762017345846895,-0.022393245989577926
european_call_k100,bbs,25,theta,-6.3192126188748254,-6.4140275464381968,-0.01478243223573672
european_call_k100,bbs,26,delta,0.63776005493506827,0.63683065117561899,0.0014594205818039274
european_call_k100,bbs,26,gamma,0.018353555880305267,0.018762017345846895,-0.02177065813405421
european_call_k100,bbs,26,theta,-6.3218591638002763,-6.4140275464381968,-0.014369813969555389
european_call_k100,bbs,50,delta,0.63731528866325882,0.63683065117561899,0.00076101470107503566
european_call_k100,bbs,50,gamma,0.018544640279296601,0.018762017345846895,-0.011586017779607882
european_call_k100,bbs,50,theta,-6.3650523168447659,-6.4140275464381968,-0.0076356437883756678
european_call_k100,bbs,51,delta,0.63730962308660344,0.63683065117561899,0.00075211818102705053
european_call_k100,bbs,51,gamma,0.018550224585596062,0.018762017345846895,-0.011288378874551808
european_call_k100,bbs,51,theta,-6.366319078040906,-6.4140275464381968,-0.0074381452296355954
european_call_k100,bbs,100,delta,0.63707330639435156,0.63683065117561899,0.00038103570907677131
european_call_k100,bbs,100,gamma,0.018651907838299453,0.018762017345846895,-0.0058687456427395368
european_call_k100,bbs,100,theta,-6.3892408756281327,-6.4140275464381968,-0.003864447202729715
european_call_k100,bbs,101,delta,0.63707268236197323,0.63683065117561899,0.0003800558058997261
european_call_k100,bbs,101,gamma,0.018653600147525033,0.018762017345846895,-0.0057785469613085283
european_call_k100,bbs,101,theta,-6.3896269476254943,-6.4140275464381968,-0.0038042553818236069
european_call_k100,bbs,200,delta,0.63695205866488325,0.63683065117561899,0.00019064328803919395
european_call_k100,bbs,200,gamma,0.018706597025833192,0.018762017345846895,-0.0029538571994749407
european_call_k100,bbs,200,theta,-6.401557282133119,-6.4140275464381968,-0.0019442174538216728
european_call_k100,bbs,201,delta,0.63695230929198143,0.63683065117561899,0.00019103684180055147
european_call_k100,bbs,201,gamma,0.018707154509581225,0.018762017345846895,-0.0029241437769917944
european_call_k100,bbs,201,theta,-6.4016855397209476,-6.4140275464381968,-0.0019242210339590615
european_call_k100,bbs,500,delta,0.6368792327634184,0.63683065117561899,7.6286509937517621e-05
european_call_k100,bbs,500,gamma,0.018739760108108634,0.018762017345846895,-0.0011862923548137116
european_call_k100,bbs,500,theta,-6.4090206896607604,-6.4140275464381968,-0.0007806104263173852
european_call_k100,bbs,501,delta,0.63687946939778939,0.63683065117561899,7.6658091252790328e-05
european_call_k100,bbs,501,gamma,0.018739911963757103,0.018762017345846895,-0.0011781985744024892
european_call_k100,bbs,501,theta,-6.4090560465390682,-6.4140275464381968,-0.00077509799624875253
european_call_k100,bbs,1000,delta,0.63685494501829742,0.63683065117561899,3.814804239343772e-05
european_call_k100,bbs,1000,gamma,0.018750873758583631,0.018762017345846895,-0.00059394398042866836
european_call_k100,bbs,1000,theta,-6.4115209683848207,-6.4140275464381968,-0.00039079627195681699
european_call_k100,bbs,1001,delta,0.63685508617872111,0.63683065117561899,3.8369703243779085e-05
european_call_k100,bbs,1001,gamma,0.018750937670834935,0.018762017345846895,-0.00059053751031801216
european_call_k100,bbs,1001,theta,-6.4115359548867508,-6.4140275464381968,-0.00038845975222379092
european_call_k100,bbs,2000,delta,0.63684279885451023,0.63683065117561899,1.9075210762498074e-05
european_call_k100,bbs,2000,gamma,0.01875644179906134,0.018762017345846895,-0.00029717203021295546
european_call_k100,bbs,2000,theta,-6.4127734676784343,-6.4140275464381968,-0.00019552126190336416
european_call_k100,bbs,2001,delta,0.63684287515645233,0.63683065117561899,1.9195025884544137e-05
european_call_k100,bbs,2001,gamma,0.018756470736121082,0.018762017345846895,-0.0002956297088725357
european_call_k100,bbs,2001,theta,-6.4127802846995676,-6.4140275464381968,-0.00019445843186649547
european_call_k100,bbs,5000,delta,0.63683551042708597,0.63683065117561899,7.6303668141708414e-06
european_call_k100,bbs,5000,gamma,0.018759786224961623,0.018762017345846895,-0.00011891689705567643
european_call_k100,bbs,5000,theta,-6.4135257250708122,-6.4140275464381968,-7.8238106049788314e-05
european_call_k100,bbs,5001,delta,0.63683554232260542,0.63683065117561899,7.6804515884987268e-06
european_call_k100,bbs,5001,gamma,0.018759797073292804,0.018762017345846895,-0.0001183386899801242
european_call_k100,bbs,5001,theta,-6.413528289165332,-6.4140275464381968,-7.7838342484537471e-05
american_put_k100,crr,25,delta,-0.41219812637564146,-0.41106013309990369,0.0027684350393113455
american_put_k100,crr,25,gamma,0.022514390616408569,0.022988343273841864,-0.020617086311417676
american_put_k100,crr,25,theta,-2.1277745995027186,-2.2378429761738516,-0.049185031230083109
american_put_k100,crr,26,delta,-0.41345112455603789,-0.41106013309990369,0.0058166464310298593
american_put_k100,crr,26,gamma,0.022860408413725629,0.022988343273841864,-0.0055652057476368588
american_put_k100,crr,26,theta,-2.1951700481439254,-2.2378429761738516,-0.019068776712334978
american_put_k100,crr,50,delta,-0.41226921875613581,-0.41106013309990369,0.0029413838970813178
american_put_k100,crr,50,gamma,0.022919140137452554,0.022988343273841864,-0.0030103577089026778
american_put_k100,crr,50,theta,-2.2152823902416685,-2.2378429761738516,-0.010081398101825734
american_put_k100,crr,51,delta,-0.41155125558298622,-0.41106013309990369,0.0011947704083556943
american_put_k100,crr,51,gamma,0.022729388430923484,0.022988343273841864,-0.011264615280607959
american_put_k100,crr,51,theta,-2.1788256810998985,-2.2378429761738516,-0.026372402220489088
american_put_k100,crr,100,delta,-0.41164889329703286,-0.41106013309990369,0.0014322970040641092
american_put_k100,crr,100,gamma,0.02295041410759234,0.022988343273841864,-0.0016499303928823039
american_put_k100,crr,100,theta,-2.2259576160541972,-2.2378429761738516,-0.0053110786798703513
american_put_k100,crr,101,delta,-0.41130339876077177,-0.41106013309990369,0.00059180066681130405
american_put_k100,crr,101,gamma,0.022856615520352588,0.022988343273841864,-0.0057301977754597999
american_put_k100,crr,101,theta,-2.2078437908762059,-2.2378429761738516,-0.013405402263270916
american_put_k100,crr,200,delta,-0.41134165815651019,-0.41106013309990369,0.00068487560319563379
american_put_k100,crr,200,gamma,0.02296559207018524,0.022988343273841864,-0.00098968435374424679
american_put_k100,crr,200,theta,-2.2312078933579116,-2.2378429761738516,-0.0029649456582000466
american_put_k100,crr,201,delta,-0.41117170415226006,-0.41106013309990369,0.00027142270284152836
american_put_k100,crr,201,gamma,0.022919636388147674,0.022988343273841864,-0.002988770651096484
american_put_k100,crr,201,theta,-2.2223168614261084,-2.2378429761738516,-0.0069379822056545581
american_put_k100,crr,500,delta,-0.41117317272927167,-0.41106013309990369,0.0002749953602056987
american_put_k100,crr,500,gamma,0.022980258476909817,0.022988343273841864,-0.00035169115215216706
american_put_k100,crr,500,theta,-2.2353915744477426,-2.2378429761738516,-0.001095430623242577
american_put_k100,crr,501,delta,-0.41110604801390754,-0.41106013309990369,0.00011169877666694639
american_put_k100,crr,501,gamma,0.022961765997763624,0.022988343273841864,-0.0011561196803808738
american_put_k100,crr,501,theta,-2.2318064220303042,-2.2378429761738516,-0.0026974878075978204
american_put_k100,crr,1000,delta,-0.41111600469604725,-0.41106013309990369,0.00013592073675994243
american_put_k100,crr,1000,gamma,0.022984271862594049,0.022988343273841864,-0.00017710764100375975
american_put_k100,crr,1000,theta,-2.236617634119753,-2.2378429761738516,-0.00054755497465408531
american_put_k100,crr,1001,delta,-0.41108240873122553,-0.41106013309990369,5.4190687756250355e-05
american_put_k100,crr,1001,gamma,0.022974987967992452,0.022988343273841864,-0.0005809599104346086
american_put_k100,crr,1001,theta,-2.234817324641079,-2.2378429761738516,-0.0013520392471618736
american_put_k100,crr,2000,delta,-0.41108756521438217,-0.41106013309990369,6.6735040130438961e-05
american_put_k100,crr,2000,gamma,0.022986471113719254,0.022988343273841864,-8.1439540914662878e-05
american_put_k100,crr,2000,theta,-2.2372684037188506,-2.2378429761738516,-0.00025675280219317198
american_put_k100,crr,2001,delta,-0.41107077800484154,-0.41106013309990369,2.5896223157406695e-05
american_put_k100,crr,2001,gamma,0.022981819197653928,0.022988343273841864,-0.00028379931995181629
american_put_k100,crr,2001,theta,-2.2363661051658408,-2.2378429761738516,-0.00065995292061815647
american_put_k100,crr,5000,delta,-0.41107046963409932,-0.41106013309990369,2.5146039139611887e-05
american_put_k100,crr,5000,gamma,0.02298778321325862,0.022988343273841864,-2.4362807557354316e-05
american_put_k100,crr,5000,theta,-2.2376579211913494,-2.2378429761738516,-8.2693461727401107e-05
american_put_k100,crr,5001,delta,-0.41106375688822322,-0.41106013309990369,8.8157133901756168e-06
american_put_k100,crr,5001,gamma,0.022985921028963283,0.022988343273841864,-0.00010536839691865918
american_put_k100,crr,5001,theta,-2.2372966843748596,-2.2378429761738516,-0.00024411533999857404
american_put_k100,bbs,25,delta,-0.41270253072746882,-0.41106013309990369,0.0039955167025793603
american_put_k100,bbs,25,gamma,0.022688743186460521,0.022988343273841864,-0.01303269591081202
american_put_k100,bbs,25,theta,-2.1621269326579817,-2.2378429761738516,-0.033834386202254985
american_put_k100,bbs,26,delta,-0.41263762367337525,-0.41106013309990369,0.003837615099219871
american_put_k100,bbs,26,gamma,0.022672185570172795,0.022988343273841864,-0.013752957309838831
american_put_k100,bbs,26,theta,-2.1593201254592049,-2.2378429761738516,-0.035088632916014939
american_put_k100,bbs,50,delta,-0.41185839817569364,-0.41106013309990369,0.0019419666649986844
american_put_k100,bbs,50,gamma,0.022816382802634708,0.022988343273841864,-0.0074803333654246407
american_put_k100,bbs,50,theta,-2.1955475436647331,-2.2378429761738516,-0.018900089487705274
american_put_k100,bbs,51,delta,-0.41181127363201714,-0.41106013309990369,0.0018273251809872715
american_put_k100,bbs,51,gamma,0.022809566438343528,0.022988343273841864,-0.0077768473077293176
american_put_k100,bbs,51,theta,-2.1944785638904993,-2.2378429761738516,-0.019377772589520337
american_put_k100,bbs,100,delta,-0.41144496878750958,-0.41106013309990369,0.00093620289738094442
american_put_k100,bbs,100,gamma,0.022897888863434419,0.022988343273841864,-0.0039347946622309005
american_put_k100,bbs,100,theta,-2.2158391142860001,-2.2378429761738516,-0.0098326210203866227
american_put_k100,bbs,101,delta,-0.41143572151251084,-0.41106013309990369,0.0009137067362254836
american_put_k100,bbs,101,gamma,0.02289641113673966,0.022988343273841864,-0.0039990762277685166
american_put_k100,bbs,101,theta,-2.2156060030581761,-2.2378429761738516,-0.009936788841947819
american_put_k100,bbs,200,delta,-0.41123960827298811,-0.41106013309990369,0.000436615372381155
american_put_k100,bbs,200,gamma,0.022938595247136817,0.022988343273841864,-0.0021640544563146236
american_put_k100,bbs,200,theta,-2.2259920885981721,-2.2378429761738516,-0.0052956743175706089
american_put_k100,bbs,201,delta,-0.41123654102689633,-0.41106013309990369,0.00042915357824235834
american_put_k100,bbs,201,gamma,0.022938323626325342,0.022988343273841864,-0.0021758700451214308
american_put_k100,bbs,201,theta,-2.2259532037354393,-2.2378429761738516,-0.0053130503636769078
american_put_k100,bbs,500,delta,-0.41113212373513014,-0.41106013309990369,0.00017513407268077152
american_put_k100,bbs,500,gamma,0.022969097045688076,0.022988343273841864,-0.00083721684179338673
american_put_k100,bbs,500,theta,-2.2332299153555724,-2.2378429761738516,-0.0020613871783651261
american_put_k100,bbs,501,delta,-0.41113205817996062,-0.41106013309990369,0.00017497459438486906
american_put_k100,bbs,501,gamma,0.022969163825766706,0.022988343273841864,-0.00083431188784199861
american_put_k100,bbs,501,theta,-2.2332444875804507,-2.2378429761738516,-0.0020548754503156852
american_put_k100,bbs,1000,delta,-0.41109512753378508,-0.41106013309990369,8.5132152362943359e-05
american_put_k100,bbs,1000,gamma,0.022978544668659451,0.022988343273841864,-0.00042624233794019695
american_put_k100,bbs,1000,theta,-2.2355076406537222,-2.2378429761738516,-0.0010435654087411761
american_put_k100,bbs,1001,delta,-0.41109520394426602,-0.41106013309990369,8.5318038745008096e-05
american_put_k100,bbs,1001,gamma,0.022978591385833733,0.022988343273841864,-0.00042421012649607182
american_put_k100,bbs,1001,theta,-2.2355172134857964,-2.2378429761738516,-0.0010392877037475046
american_put_k100,bbs,2000,delta,-0.41107706508057268,-0.41106013309990369,4.1191006632690375e-05
american_put_k100,bbs,2000,gamma,0.022983577668705277,0.022988343273841864,-0.0002073052885899207
american_put_k100,bbs,2000,theta,-2.2367074185272173,-2.2378429761738516,-0.00050743401513175801
american_put_k100,bbs,2001,delta,-0.41107711484739173,-0.41106013309990369,4.131207607027676e-05
american_put_k100,bbs,2001,gamma,0.022983596324570033,0.022988343273841864,-0.00020649375273740223
american_put_k100,bbs,2001,theta,-2.2367111535804947,-2.2378429761738516,-0.00050576497341747739
american_put_k100,bbs,5000,delta,-0.41106619076977302,-0.41106013309990369,1.4736700014283954e-05
american_put_k100,bbs,5000,gamma,0.022986599080203514,0.022988343273841864,-7.5872959507061744e-05
american_put_k100,bbs,5000,theta,-2.2374282589665562,-2.2378429761738516,-0.00018532006566629455
american_put_k100,bbs,5001,delta,-0.41106624152115895,-0.41106013309990369,1.4860164641028462e-05
american_put_k100,bbs,5001,gamma,0.022986614417780417,0.022988343273841864,-7.5205770196373756e-05
american_put_k100,bbs,5001,theta,-2.2374312595548167,-2.2378429761738516,-0.00018397922616486539
